Id, [Rank] Name [Guild], Wins, BW Level, Kills, Final Kills, W/L, K/D, Final K/D
1,[MVP+] TheCleb [DARK],29165,1168,34392,51069,11.04,0.47,13.31
2,[MVP++] 02P [OK],28083,1260,29934,50268,10.32,0.40,13.70
3,[YOUTUBE] gamerboy80 [NOLIFE],23978,1355,55428,96345,10.37,0.84,35.55
4,[MVP++] FreshSimon [GGMEN],23174,1156,36259,67001,8.76,0.60,19.00
5,[MVP++] Dolida [ENIGMA],22831,1383,26684,35422,5.01,0.55,6.45
6,[MVP++] MyGirlRose [ABYSS],22152,1445,79322,88235,4.49,0.79,16.64
7,[MVP++] Ketthe [KS],21599,1159,33362,74570,11.62,0.51,33.79
8,[MVP+] xLectroLiqhtnin [DARK],19646,1282,23612,41736,4.37,0.34,8.35
9,Toyless [IYN],18250,923,24848,52158,16.88,0.64,43.94
10,[MVP++] gamerboy81 [GGMEN],18208,1053,31250,67888,11.58,0.70,43.16
11,[MVP++] Jiyn [IYN],18141,846,28038,50032,23.29,0.89,56.73
12,[MVP++] 7R7 [FADE],17948,859,20115,54701,11.97,0.55,31.69
13,[MVP++] Hashito [STAR],17198,1078,57369,68543,9.36,1.82,39.62
14,[MVP++] WactOLatern [GGMEN],16826,1104,39263,48722,4.15,0.69,12.22
15,[MVP+] snocy [ŖĄЩŖ],16736,955,22688,44068,4.58,0.36,10.77
16,[MVP++] IlyJerm [STORM],16499,1211,47167,43358,3.76,0.63,9.26
17,[MVP++] GooblinSmek [FOO],16347,540,16648,35651,31.87,0.46,45.19
18,[MVP++] Kellied [GGMEN],16334,911,25573,39369,9.60,0.51,21.45
19,[MVP+] Opmine [GGMEN],15884,1059,34324,41413,4.08,0.73,11.01
20,[MVP+] bwmain,15775,759,27474,35771,7.97,0.54,17.28
21,[MVP++] champpo,15727,1032,25980,38304,4.04,0.56,9.06
22,[MVP++] noneleft [THORN],15654,1127,30472,42342,5.20,0.56,13.16
23,[MVP+] Pahexa [ASSIST],15327,1000,35061,48188,2.52,0.60,8.71
24,[MVP+] xLara [IYN],15278,888,31494,34763,4.45,0.61,9.43
25,[MVP++] EDMC [DARK],15215,841,42395,50837,6.41,0.81,19.36
26,[MVP++] ameeero [ABYSS],14913,1108,52653,64059,1.92,0.78,8.01
27,[MVP++] meflio [GGMEN],14780,827,36740,49545,5.38,0.98,18.47
28,[MVP+] UNMUTE20,14508,640,23709,44200,18.11,0.77,48.89
29,[MVP+] OpGoDnEsS [FAZE],14471,777,33009,42616,4.39,0.62,11.87
30,[MVP++] kysiek1234,14329,811,36588,48094,6.08,0.70,18.51
31,[MVP++] NoEscape,14263,884,28135,45153,5.67,0.58,15.58
32,[MVP+] _okay_ [FAZE],14090,709,25935,54624,13.01,0.67,51.73
33,[MVP++] Shuddest [S],13967,924,37280,42700,5.76,0.74,16.64
34,[MVP++] NoSDaemon [GGMEN],13704,947,35649,60088,5.12,1.06,20.79
35,[MVP+] WbKirito [TRAGEDY],13610,1005,44809,47739,1.60,0.69,6.83
36,[MVP+] waning [BLOOD],13594,825,27388,41782,6.51,0.54,18.33
37,[MVP+] MomGetTheCam [SYMBOL],13562,535,21494,47203,7.52,0.81,24.07
38,[MVP+] Feiticeira [BRASIL],13537,1485,40580,19859,1.45,0.74,2.06
39,[MVP+] NotSquidy [GFMEN],13484,543,18351,40990,21.44,0.63,53.86
40,[MVP++] tyelur [S],13355,818,21348,33823,10.13,0.57,20.94
41,[MVP+] Nightal,13266,681,16462,37509,8.87,0.53,22.42
42,[MVP+] LEliTZpAnDA,13259,843,46229,51685,6.42,1.13,28.62
43,[MVP++] cookie_1738 [ICKY],12961,925,17641,23601,7.62,0.55,11.59
44,[MVP++] Justiyn [IYN],12935,742,19354,33010,7.32,0.47,15.30
45,[YOUTUBE] SammyGreen [IYN],12802,1022,39981,46991,5.14,0.81,18.60
46,[MVP++] AnotherAndrix [LG],12780,926,36808,35033,4.32,0.74,11.16
47,[MVP++] ImmortalPqnda [THORN],12724,811,24406,37554,5.89,0.55,15.58
48,[MVP++] DEFLIO [GGMEN],12556,627,14298,29658,11.37,0.47,28.35
49,[MVP++] lelitzpandaa [GGMEN],12484,540,29248,43414,40.40,0.89,103.86
50,[MVP++] Kheey [BRAVO],12258,821,18867,24514,2.68,0.41,5.08
51,[MVP++] SuvorBestWW [ABYSS],12164,844,31350,37956,3.80,0.75,11.43
52,[MVP++] ohKenjachan [ANNOY],12108,703,23898,35685,6.92,0.58,22.46
53,[MVP+] gShun [NANI],12092,956,25842,19546,3.01,0.67,4.87
54,[MVP+] SixtoTheGreat [TRAGEDY],12048,662,16060,27606,4.70,0.43,8.76
55,[MVP+] DetectiveJay [TRAGEDY],12046,732,18773,37560,5.99,0.60,17.09
56,[MVP+] ybnBoom,12042,739,24688,32289,2.49,0.50,6.61
57,[MVP+] Vqnom [ESSR],11905,827,27850,36247,8.08,1.03,23.12
58,[MVP+] SwagAssassin7 [DEMON],11852,853,34966,36689,2.86,0.75,8.73
59,[MVP+] KiritoIsBack [TRAGEDY],11700,753,26091,42963,5.61,0.78,18.20
60,[MVP++] Kyho,11629,594,20619,36845,8.97,0.60,24.58
61,[MVP+] _KinokoChan [JL],11457,810,14950,18705,9.60,0.34,14.11
62,[MVP++] luvonox [GGMEN],11380,777,26061,35134,6.55,0.68,19.92
63,[MVP+] AuraOfKraken [NOLIFE],11289,595,25647,38689,5.69,0.68,19.80
64,[MVP+] preadolescence [ENIGMA],11234,774,42142,45576,5.79,1.15,20.41
65,[MVP++] Vaxr [IYN],11214,586,24820,33292,8.47,0.85,22.43
66,[MVP+] Beckyy,11186,576,14247,39033,9.69,0.57,36.24
67,[MVP+] adxms,11094,688,28206,26983,5.46,0.67,12.11
68,[MVP+] BlockyFacts [FACTS],11086,699,20159,32316,6.64,0.78,16.31
69,[MVP++] Peacel [ΘREBLΘ],10933,750,21275,25420,4.72,0.50,9.87
70,[VIP] Leopardiston [CHIRP],10860,881,56434,42366,1.68,0.89,6.57
71,[MVP+] TearWaka [ICKY],10857,846,41487,25441,2.50,0.66,5.67
72,[MVP++] unseated [BLOOD],10807,589,21646,34790,9.17,0.71,27.05
73,[MVP+] caitycutie [TRAGEDY],10759,743,32766,39962,2.74,0.81,11.01
74,[VIP] AlegendaryI [CHIRP],10722,789,53810,40861,1.82,0.93,6.88
75,[MVP+] Pecty,10710,414,9573,14754,9.26,0.30,9.56
76,[MVP+] Bugattti [WOKE],10659,739,33897,33373,4.35,0.85,12.21
77,[MVP+] HaxXrayonXPro [JL],10433,581,25769,33005,11.57,0.70,35.26
78,[MVP+] CreepyMemes [DARK],10423,523,14494,20332,3.63,0.44,8.42
79,[MVP+] 2i1 [ΘREBLΘ],10397,759,14924,21628,7.91,0.45,14.33
80,[MVP++] B0MBIES [GGMEN],10215,458,14968,31005,124.57,0.56,262.75
81,[MVP++] Braidenisawesome [GGMEN],10214,517,12809,25746,14.61,0.52,31.79
82,[MVP+] xZeronex [WAVY],10134,466,14335,25618,5.18,0.51,11.55
83,[MVP++] ScuseTheGoose [ANNOY],10121,708,15535,31221,3.30,0.54,10.65
84,[MVP+] DaddyEdi [FADE],10104,437,16672,33003,13.11,0.70,35.91
85,[MVP+] Truvia,10089,643,23898,30271,2.45,0.68,7.61
86,[MVP+] OfficialSammy [HONOR],10080,506,12236,21707,5.98,0.57,12.07
87,[MVP++] Cascxde [ENIGMA],10061,699,48871,40849,6.30,1.51,23.38
88,[MVP+] TinyBeluga,10003,1079,25678,28915,2.09,0.57,5.79
89,[MVP++] SolidPrep [GGMEN],10002,797,37719,38681,4.33,1.19,18.28
90,GreenJedia04 [NONS],9963,959,39284,30884,1.79,0.74,5.62
91,[MVP++] IllWait [KEK],9852,733,24451,30900,2.97,0.70,9.35
92,[MVP++] XandaPandaMC,9852,581,11820,21991,2.40,0.29,4.74
93,[MVP+] PigKingOuO [TRAGEDY],9827,734,36680,36616,2.75,0.84,9.52
94,[MVP+] stoppage,9818,446,16351,35785,6.00,0.56,20.43
95,Climtic [NONS],9752,953,48334,38075,2.48,1.11,9.52
96,[MVP+] _BigBoyLemon,9654,389,15012,30212,8.71,0.67,22.99
97,[MVP+] SpookyPerf,9650,649,24300,29070,3.21,0.67,9.17
98,[MVP++] iiSilver [COOL],9621,773,26119,31668,3.70,0.65,11.38
99,Unwishfully [TRAGEDY],9559,825,38712,29191,1.05,0.63,3.51
100,[MVP+] Syunideee [FAZE],9541,705,25905,31637,3.05,0.66,10.18
101,Chapeey [BRASIL],9468,911,33493,25422,2.19,0.82,6.19
102,[MVP+] Miika [DARK],9432,375,11959,31628,13.08,0.56,36.65
103,[MVP+] Jitua,9421,620,21850,30117,3.94,0.70,12.90
104,[MVP+] Miikes [FOO],9419,688,32264,26153,2.66,0.75,7.19
105,[MVP+] girly_blood,9396,562,26670,33742,7.90,1.16,33.54
106,[MVP+] Teameit [ABYSS],9379,855,26071,14647,1.69,0.70,2.49
107,[MVP+] cloutchasertext [ABYSS],9376,618,19347,28257,2.84,0.52,9.49
108,[MVP+] Muwuke [FAZE],9306,769,39422,35776,2.14,0.73,8.76
109,[MVP++] Traumatising [LUNA],9272,714,23487,22381,2.56,0.60,5.93
110,[MVP++] Spooky7nr [SOS],9232,863,30151,35771,2.42,0.69,9.58
111,[YOUTUBE] TimeDeo [IYN],9232,435,13214,30173,7.59,0.58,22.37
112,[MVP+] reelitin,9217,540,17436,35516,4.79,0.56,17.94
113,[MVP++] Poplins [XO],9207,776,33650,37019,2.52,1.04,9.39
114,[MVP++] Autumnish [RAID],9176,578,17362,19061,2.42,0.39,4.63
115,[MVP+] AlonePvP [ALONE],9123,766,36859,39307,4.30,1.65,17.70
116,[MVP++] SalazarsRevenge [IYN],9099,414,11379,21826,24.59,0.61,52.34
117,[MVP++] Mellm [UH],9030,977,25807,24804,3.12,0.61,9.64
118,[MVP+] CodePython_ [ΘREBLΘ],9000,662,15459,22596,4.24,0.59,10.48
119,[MVP++] ungave [FOO],8984,713,48447,44501,2.00,1.10,11.11
120,[MVP++] Lioness_Rising,8940,909,22518,13686,2.31,0.45,3.27
121,[MVP++] Darlig [ANNOY],8925,689,22757,27408,6.01,0.65,17.68
122,[MVP+] 5heart [HEARTS],8923,752,27303,30545,1.51,0.76,5.86
123,[MVP+] Agrafar,8865,605,20083,26661,4,0.67,12.55
124,[MVP++] Netsa [F],8862,749,25782,30806,3.00,0.65,10.23
125,[MVP+] Scies [NOLIFE],8853,520,18392,25795,5.76,0.59,15.30
126,[MVP+] S1lentAim,8843,539,18006,26859,7.55,0.65,22.11
127,[MVP+] DaddyAlexa [KEK],8837,507,26470,23156,6.46,0.66,14.52
128,[MVP++] Primals [TRAGEDY],8817,539,13730,32885,10.74,0.57,37.37
129,[MVP+] Daigo [FAZE],8809,558,18774,20924,5.36,0.65,11.13
130,[MVP++] PhOwOnix [DARK],8790,614,26992,28198,3.82,0.65,11.33
131,[MVP+] ImSavage_ [ENIGMA],8789,625,29527,31628,3.71,1.24,13.02
132,[MVP+] parihs [GGMEN],8783,559,15299,21335,4.93,0.55,12.48
133,[MVP+] unicrons [STORM],8782,625,21873,22094,2.43,0.62,5.78
134,[MVP+] Jsmart [SOS],8692,726,20901,22282,2.83,0.52,6.37
135,[MVP+] Selena_GR [H],8670,588,17165,18134,3.44,0.51,7.11
136,[MVP++] Wqlff [GGMEN],8604,634,15862,27536,4.99,0.64,15.25
137,[MVP+] 88U [S],8587,708,26603,19754,2.51,0.68,5.44
138,[MVP+] ThatWasntMe [FAZE],8582,483,16485,27614,9.88,0.79,30.41
139,[MVP++] False_Ban [ENIGMA],8578,730,36167,18434,1.18,0.63,2.66
140,[MVP+] ISpookedYou [GANG],8559,913,39238,35447,1.81,0.82,7.53
141,[MVP++] Renolest [ENIGMA],8553,596,20773,22162,6.17,0.61,15.66
142,[MVP+] xFa1ZaAxOAOo [HEARTS],8549,891,49933,24118,1.50,0.90,4.17
143,[MVP+] Braz1lian [BRASIL],8539,745,27209,19259,4.43,0.74,9.12
144,[MVP+] Sam,8537,405,12591,22590,9.22,0.59,21.49
145,[MVP++] 12345098 [ANNOY],8522,718,33519,35152,1.64,1.13,6.66
146,[MVP+] SHGG [IYN],8517,592,16071,28901,6.12,0.52,19.50
147,[MVP] Whqfex,8500,554,26183,22323,2.34,0.56,5.70
148,Tux3do [GGMEN],8457,571,20365,24817,8.59,0.87,23.66
149,[MVP+] Infernally [GGMEN],8430,645,22187,25414,10.06,0.79,28.49
150,[MVP+] soDone,8427,440,22353,36417,6.10,0.96,24.72
151,[MVP+] alvxno,8367,476,16880,21846,4.71,0.54,12.21
152,[MVP+] Fadeing [FAZE],8306,513,12939,17428,3.73,0.47,8.32
153,[MVP++] xJayy6 [DREAM],8300,583,43524,26407,2.84,1.63,11.01
154,[MVP+] Daboof [GOD],8300,506,17356,17429,5.34,0.73,10.15
155,DummiFreeOmniRef,8298,541,15200,17345,4.85,0.69,10.83
156,[MVP++] Tech_Destroyer [HEARTS],8296,686,26208,24763,3.41,0.82,9.06
157,[MVP+] BeAGoodSport [ANNOY],8287,640,22349,32450,10.01,0.96,36.22
158,[MVP++] Vermilion1 [KEK],8282,599,16724,19272,2.41,0.41,5.45
159,[MVP+] okaydude,8265,635,29886,28036,2.04,0.78,7.64
160,[MVP+] SAAAAAAAAAAAAAAD [SAD],8244,726,21640,21461,2.19,0.54,5.22
161,[MVP+] Crazy__Jacky [MAD],8238,757,24070,23484,5.95,0.60,15.80
162,[MVP+] Jazzmyn [FOO],8210,817,40110,28068,1.72,0.87,5.85
163,[MVP+] Nightrax [FAZE],8193,727,32339,26530,1.50,0.76,5.67
164,[MVP+] NoobyBoy25 [FAZE],8160,617,23143,26459,1.81,0.50,5.87
165,[MVP+] xROSIE [IYN],8112,471,9683,20111,11.38,0.55,27.10
166,[MVP++] nawun [ENIGMA],8095,543,29642,23131,3.68,0.65,9.31
167,[MVP++] livings [ERA],8081,594,27052,28129,5.01,0.95,17.02
168,[MVP+] Pro_Batman [ROCK],8071,731,29536,20028,1.55,0.62,3.82
169,[MVP++] Xaample [FAZE],8044,592,20963,25802,8.17,1.04,23.56
171,[MVP+] Privia [FAZE],8033,617,24995,21568,2.60,0.66,6.55
172,[MVP++] Cwtches [KIQX],8030,815,19186,16750,3.32,0.69,6.49
173,[MVP++] 5some [DARK],8014,420,14484,18028,7.53,0.63,15.46
174,[MVP+] ProDucktive [GGMEN],8005,582,18131,22329,2.90,0.52,8.35
175,[MVP+] BeachManPlayz [STORM],7969,745,24105,25023,1.48,0.48,4.63
176,[MVP++] SpookyFrqd [FAZE],7963,604,24393,22052,2.25,0.55,5.53
177,[MVP+] TOXCI [HUNNIT],7955,385,8773,14904,6.11,0.38,10.01
178,[MVP++] DaddyChristina [IYN],7951,451,12472,22331,9.88,0.74,27.43
179,[MVP+] AustralianFlag,7932,479,19373,25342,4.69,0.78,14.31
180,[MVP+] shorthippo420 [FAZE],7922,471,14009,26430,10.84,0.64,32.67
181,[MVP+] StrayEnigma [THORN],7894,882,44814,25495,1.15,0.75,4.08
182,[MVP++] Ankaid [ASSIST],7893,679,21578,21935,2.28,0.61,5.82
183,[MVP+] UzaiReach [FAZE],7885,425,12978,21519,11.65,0.48,25.53
184,[MVP++] radicul [ANNOY],7869,659,27822,34570,3.34,0.88,14.35
185,[MVP++] Ykoz [DEMON],7854,536,14401,17722,3.48,0.49,6.96
186,[MVP+] rayyser,7809,378,13710,24073,6.79,0.53,21.69
187,[MVP+] RockZombies [NOLIFE],7797,595,21596,27554,2.76,0.68,10.96
188,[MVP++] JyraBee [BLOOD],7778,708,16897,11793,2.57,0.59,3.49
189,[MVP+] Brunches [FOO],7762,458,14391,19568,3.91,0.50,9.89
190,[MVP+] Ewwoooo [AUREUS],7732,716,22675,21983,3.24,0.81,8.18
191,[MVP+] miksy21 [IYN],7714,526,17281,25787,9.83,0.69,31.03
192,[MVP++] BallisticMudkip [DREAM],7685,519,14148,21227,3.55,0.47,9.11
193,[MVP+] Motthe [IYN],7676,594,15741,20520,9.07,0.71,30.86
194,[MVP+] xColoR [S],7658,664,30173,25693,2.33,0.82,7.67
195,[MVP+] telb [ABYSS],7624,696,21582,23403,2.62,0.66,7.69
196,[MVP+] Technomaid [IYN],7598,521,17884,25145,19.79,0.89,58.48
197,[MVP++] ohWei [8APPLE7],7586,739,24201,25032,3.30,0.90,10.65
198,[MVP+] SithLordRaid,7577,684,30334,27761,1.94,0.96,8.66
199,[MVP++] iEric [THORN],7571,815,23719,23721,4.22,0.91,12.98
200,[MVP++] OnoynxCorey [ONION],7554,686,12314,10830,2.64,0.54,3.44
201,[MVP+] oSarah [ENIGMA],7553,652,22992,20915,2.45,0.63,6.25
202,[MVP++] VideoGaimz [SOS],7552,509,16486,20615,3.70,0.54,8.89
203,[YOUTUBE] LuxGlez_YT [TLG],7544,610,24183,34802,4.41,0.75,21.35
204,[MVP+] JDvbs,7539,426,11410,28506,4.94,0.50,17.84
205,[MVP++] oFury [LUCID],7497,570,26216,30318,2.72,1.01,10.36
206,[MVP+] HarryPotthe [KS],7496,485,17577,23819,8.19,0.78,24.28
207,[MVP+] Defone [IYN],7493,369,19474,28608,18.83,1.12,71.70
208,[MVP+] PoloWeen [TRAGEDY],7487,773,33155,30966,0.85,0.53,3.59
209,[MVP+] Deadia [TRAGEDY],7476,461,15432,13572,1.56,0.40,3.01
210,[MVP+] _Ayumii [GGMEN],7461,430,14272,24447,5.49,0.91,16.65
211,[MVP+] SparkSpeed [HAPPY],7448,698,27670,26698,2.69,0.79,10.34
212,[MVP+] Aziqn,7436,597,20458,18883,1.59,0.50,4.10
213,[MVP+] eGirlTawty,7418,594,24567,19024,1.75,0.91,4.31
214,[MVP+] Jxliia [IYN],7386,473,9957,14642,5.84,0.40,10.20
215,[MVP+] 46e [STORM],7371,692,19795,20690,2.34,0.44,6.24
216,[VIP+] JlKU [SKREIWA],7366,799,20212,14330,1.91,0.42,3.65
217,[MVP++] NoobyBoy81 [NOOBY],7348,659,22498,24978,2.00,0.65,6.62
218,[MVP+] xVorto [THORN],7319,410,20902,22108,1.56,0.69,5.30
219,[YOUTUBE] Heamou [MAD],7319,483,10393,14999,12.26,0.36,21.31
220,[MVP+] knightsalt [ΘREBLΘ],7302,452,15664,20267,4.96,0.66,12.58
221,[MVP+] Liacutie [FAZE],7296,601,19139,17650,2.46,0.47,5.91
222,[MVP+] RANKTW,7266,572,10942,17924,9.59,0.93,20.53
223,[MVP+] 1DEX [PURGA],7266,662,31561,39566,2.03,0.90,11.23
224,[MVP++] oMatthew [FOO],7254,564,25799,23768,4.28,0.97,14.74
225,[MVP+] potato_nicola [IYN],7228,812,15068,13626,1.26,0.38,2.24
226,[MVP+] redsi,7200,448,17342,16670,2.73,0.69,6.30
227,[MVP+] UNMUTECURVELMFAO,7180,448,23208,28020,3.31,0.95,14.17
228,[MVP+] askfl [ENIGMA],7174,587,28026,28460,2.18,0.88,8.64
229,[MVP+] badtothebone007 [SOUL],7167,607,36174,29481,1.78,0.79,6.99
230,[MVP+] Tamii [BLUE],7165,786,7926,5253,0.68,0.35,0.54
231,[MVP++] undeny [PC],7158,435,10909,18598,17.08,0.66,38.35
232,[MVP++] Czys_ [DARK],7136,515,17115,15338,3.01,0.66,7.11
233,[MVP++] Vixon [STAR],7131,666,21022,22121,6.62,1.14,20.91
234,[MVP+] Jueles,7122,524,31673,30067,2.27,1.41,9.23
235,[MVP+] qoyu [S],7087,716,30068,29677,1.33,0.82,5.57
236,[MVP+] Luvily [LTG],7084,728,26824,16399,1.32,0.71,3.10
237,[MVP+] _okey_ [ASSIST],7073,447,13839,19845,5.14,0.56,14.40
238,[MVP+] Mareshah,7040,362,13950,19985,4.43,0.56,11.21
239,[MVP++] IceQueenChloe [TLG],7018,433,12049,19188,6.79,0.63,16.50
240,[MVP+] indiia [ANNOY],7013,431,13358,12941,4.48,0.53,7.47
241,[MVP+] 1860s [DAWN],7001,707,33819,30838,1.27,0.75,6.27
242,[MVP++] MerryMqroons [CPS],6988,534,18876,19463,3.30,0.60,8.30
243,[MVP+] NoobyBoy84 [DARK],6987,491,30895,28633,2.78,1.59,13.42
244,JINGLEppup [WOKE],6984,801,30421,25853,1.65,0.76,5.90
245,[MVP++] TheWildDestroyer [SAVAGE],6976,691,17549,14338,2.70,0.50,5.40
246,[MVP+] Chikosaur,6975,431,17512,20809,4.78,0.82,13.48
247,[MOD] shrekster [SHREK],6963,892,18092,15764,1.98,0.62,4.22
248,[MVP+] S0fa [IYN],6954,367,9322,21435,12.62,0.70,34.08
249,[MVP+] ItsEmmanGaming [ICKY],6940,837,29243,20391,1.79,0.97,6.33
250,[MVP+] xApAn [FAZE],6935,585,25925,23221,2.03,0.84,7.58
251,[MVP+] MbruceM [D12],6923,511,22226,27439,5.35,1.04,21.50
252,[MVP+] Stonekeep [DARK],6923,431,16542,23126,4.51,0.64,13.88
253,[MVP+] IntoTheFuture [ASSIST],6916,480,20179,20654,1.61,0.60,4.79
254,[MVP+] iEatElders [SCAFLD],6900,313,10370,13932,6.24,0.46,9.83
255,[MVP+] Slypnn [STORM],6897,665,19452,22967,3.02,0.81,9.53
256,[MVP+] SpookyKaz [PURGA],6881,505,12167,14772,2.52,0.66,5.80
257,[MVP+] Manned,6878,481,11039,13897,3.56,0.56,7.84
258,[MVP+] Loratix [STORM],6874,723,25897,24013,4.02,0.88,12.84
259,[MVP++] BritishDads [DADDY],6873,557,20681,20078,1.82,0.64,5.09
260,[MVP+] ZakOnTop [FOO],6867,406,12313,19603,3.88,0.63,10.84
261,[MVP+] Fenetre [LG],6862,705,19154,23834,3.77,0.59,11.70
262,[MVP+] Tqrm [FROG],6843,746,32556,30810,1.20,0.92,5.51
263,[MVP+] DenisPlayMc,6840,566,19921,17288,1.74,0.52,4.45
264,[YOUTUBE] Purpled [PURPLED],6835,607,22729,28226,3.99,1.15,17.15
265,[MVP+] Liiilly,6802,611,19035,14693,1.72,0.50,3.68
266,[MVP+] Fuzzicle [IYN],6801,637,29024,27173,2.70,0.93,10.95
267,[MVP+] plasticBEACH [VIBES],6788,564,25455,25962,1.46,0.69,5.65
268,[MVP+] ItsAnna [ＳＵＢ２ＭＥ],6786,477,17365,12923,3.10,0.62,5.37
269,[VIP+] MasterFireGG [DARK],6783,352,15913,25190,7.94,1.29,27.71
270,[MVP+] Rilix [TRAGEDY],6754,412,15265,18258,6.01,0.68,16.80
271,[MVP++] willy20051109 [JL],6750,632,23661,18026,1.63,0.61,4.20
272,[MVP+] Slies [SLY],6744,356,10397,19675,5.44,0.79,14.12
273,[MVP+] Mankato [LIX],6727,624,16150,14398,2.55,0.51,5.46
274,[MVP+] FrostyHoliday,6726,449,27536,21366,3.78,1.15,11.46
275,[MVP+] cyclia [FAZE],6715,517,16473,14771,4.59,0.54,8.47
276,[MVP++] Mxdelief [DARK],6711,709,26083,17059,1.79,0.91,4.77
277,[MVP+] babyeastercow [WOFFS],6675,789,31765,27646,0.59,0.57,2.52
278,[MVP+] maartzee [UWU],6667,1006,49710,26370,0.68,0.61,2.63
279,[MVP+] XyrateX [S],6666,555,27566,20655,4.27,1.00,11.93
280,[MVP+] Plexxed,6664,527,16617,16032,3.47,0.63,8.69
281,[MVP+] xSkyRes,6631,414,13011,16381,3.02,0.52,7.15
282,[MVP+] Bloody_Fangz,6627,581,13267,11567,1.23,0.49,2.59
283,[MVP+] Paradais [ITAPRO],6605,573,25549,24731,1.28,0.62,4.90
284,[MVP++] Vortie [NANI],6594,526,29344,25041,2.99,0.84,11.12
285,[MVP++] SpookySchooI [FAZE],6594,594,20588,20766,1.73,0.53,5.17
286,[MVP+] cloutchasermel,6592,563,20220,16509,1.35,0.59,3.74
287,[MVP+] Dynamax,6576,326,9673,20036,27.4,0.92,84.19
288,[MVP+] SaltyHobo [NOLIFE],6566,432,15281,23848,6.05,0.57,20.38
289,[MVP+] JermJermSiwa [STORM],6557,616,22052,23309,4.28,0.90,13.77
290,[MVP+] Ultra_timelord [OXFORD],6550,519,11048,6057,1.64,0.26,1.37
291,[MVP++] RanxDoo [MOVE],6541,587,21772,19107,1.21,0.61,3.99
292,[MVP+] Primecover,6535,437,12756,18721,6.72,0.55,19.90
293,[MVP+] aiidan [FREEZE],6530,584,48884,27632,1.15,1.25,4.69
294,[MVP++] meowfur [FAZE],6525,549,28577,26534,2.04,1.30,9.65
295,[VIP] vmev [VIBES],6523,645,26330,20235,1.50,0.62,4.68
296,[VIP] Dybz,6496,239,4443,11629,7.23,0.28,11.37
297,[MVP++] Ik4nOn [ＳＵＢ２ＭＥ],6490,611,14787,15316,1.85,0.51,4.36
298,[MVP+] BudderrrLord,6487,298,6915,20313,9.61,0.42,24.86
299,[MVP+] sskL [STORM],6476,449,16482,15709,4.24,0.60,9.67
300,[MVP+] IIB,6450,375,18097,18130,3.45,0.81,9.24
301,[MVP++] NotGak [IYN],6435,505,20541,17721,3.25,0.80,8.44
302,[MVP+] kauga [RAID],6430,528,18521,16122,1.34,0.56,4.23
303,[MVP+] lamingt [NAW],6411,397,12552,19036,6.87,0.78,18.06
304,[MVP+] Seajuwel [CHIRP],6407,710,29071,21191,1.96,0.91,6.32
305,[MVP++] sydneybrooke [GGMEN],6390,549,15626,17053,4.22,0.66,10.27
306,[MVP++] Ilect,6383,519,13533,16945,3.68,0.71,10.33
307,[VIP+] Godiey [ICKY],6377,612,21602,15764,1.98,0.54,5.14
308,[MVP+] Lemon69xoxouwuXD,6367,496,26438,21385,1.16,0.73,3.85
309,[MVP+] iWacky,6363,240,6132,15917,10.31,0.48,23.04
310,[MVP++] giorna [JC],6347,381,14777,20730,5.97,0.84,20.48
311,[MVP+] NNF [SALTY],6344,599,25444,15830,2.30,0.89,5.20
312,[MVP++] OTDX,6311,436,22659,34175,3.28,1.31,20.44
313,[MVP+] TALIKA [FAZE],6296,601,12735,12164,1.76,0.47,3.41
314,[MVP+] Jamesiyn,6290,488,27295,26202,1.68,0.97,6.93
315,[MVP++] shortkitty420 [FAZE],6287,488,16349,21496,5.42,1.02,18.96
316,[MVP+] fuzl [ANNOY],6286,458,10064,11880,3.15,0.40,5.30
317,[MVP+] PekaPeka,6285,531,15605,21851,3.92,0.82,12.26
318,NeelCutie [FAZE],6269,498,8885,9629,2.27,0.37,3.17
319,[MVP+] Sharsherah [DEMON],6266,495,18210,20016,3.01,0.66,9.55
320,[MVP+] Doublefan [SLEEPY],6264,356,13666,20419,3.62,0.56,13.25
321,[VIP+] Orangeful [ITALY],6261,609,29176,19180,1.24,0.76,3.79
322,[MVP+] zzxxxx [DARK],6260,544,30525,21760,1.45,0.76,4.97
323,[MVP+] HimHam,6259,477,8056,11337,5.73,0.35,9.77
324,[MVP+] Turtlespyder,6254,365,11667,18143,3.22,0.64,10.63
325,[MVP++] Lamentable,6253,432,17483,17940,4.95,0.71,11.92
326,[MVP+] christopherCM [ABYSS],6246,528,12860,12337,3.00,0.55,5.40
327,[MVP+] cloutchasercari [KEK],6241,631,13600,10450,2.62,0.55,4.09
328,[MVP+] xd_noahxDDD [FAZE],6235,525,21858,22483,1.57,0.71,6.07
329,[MVP+] shxtsui,6227,308,12391,19067,6.26,0.68,15.85
330,[YOUTUBE] Demoned [C],6227,340,16249,21516,6.51,0.87,22.16
331,[MVP++] 3752,6219,537,29551,17759,2.09,1.15,5.84
332,[MVP+] OhMatje [ENIGMA],6219,504,18064,20525,1.66,0.57,5.10
333,[MVP++] VirtuaIsBACK [WAVY],6216,513,24956,19591,1.76,0.75,5.77
334,[MVP+] Lukeeeh [NORD],6207,528,12994,12888,2.43,0.49,5.44
335,[MVP++] BenjiTheFlyinCat [GEM],6199,947,40323,21246,0.69,0.73,2.36
336,[MVP+] accappy [FAZE],6197,309,4901,14440,3.90,0.34,7.39
337,[VIP+] higuy333 [GANG],6186,565,14532,12595,1.89,0.47,3.52
338,[MVP+] Kelpette [6],6185,457,10548,13293,4.00,0.61,7.56
339,[MVP+] Ecuador,6185,235,7748,21178,9.22,0.67,27.76
340,[MVP+] JewishCreepy,6171,325,14644,22866,5.07,0.72,16.91
341,[MVP+] iManikins [DARK],6155,525,21789,17840,2.19,0.73,6.46
342,[MVP+] quiffer [HEARTS],6152,546,23473,26192,1.25,0.83,7.63
343,[MVP+] eurasianjesus,6150,378,13773,18673,2.20,0.56,6.46
344,[MVP+] Catnada [SAD],6140,735,20749,23971,2.43,0.81,9.24
345,[MVP++] aSteal [ASSIST],6134,452,17009,14756,1.45,0.54,3.96
346,[MVP+] DestroyedBed,6130,332,9347,15771,2.74,0.36,7.46
347,[MVP+] chanelll [FOO],6126,456,32139,18102,1.76,1.09,5.19
348,[MVP++] oOjUsTiN,6114,524,20820,20415,1.69,0.55,5.65
349,[MVP+] xySilver [FAZE],6113,327,7412,16590,14.70,0.54,43.77
350,[MVP+] 9666,6110,490,16890,18223,1.67,0.54,5.09
351,[MVP+] mired,6108,480,29131,24241,2.81,0.92,10.36
352,[VIP] yJuuzouSuzuya [BRASIL],6103,640,28653,24681,2.01,1.15,10.05
353,[MVP+] Netto_ [SOUTH],6096,496,21481,20991,3.82,1.06,12.89
354,[MVP+] Xoku [KOGA],6087,456,27136,21813,4.07,1.36,14.41
355,[MVP+] Hadzoni [FOO],6085,399,14437,18882,4.23,0.69,12.86
356,[MVP+] akaMelonss,6064,489,23656,21061,2.45,0.89,8.94
357,[MVP+] xxzzzz [TRAGEDY],6063,649,26554,26973,2.84,1.41,14.59
358,[MVP+] Art_02 [ANNOY],6043,530,10322,9038,2.91,0.46,3.75
359,[MVP+] twww [JL],6043,456,22664,21733,2.76,0.86,10.44
360,[MVP+] Mastir [S],6034,372,9849,13533,5.09,0.49,10.78
361,[MVP+] wapaam [BLOOD],6033,355,11925,16584,6.34,0.70,16.16
362,[VIP] APCalculusAB [STORM],6030,449,23023,21376,1.88,1.00,6.32
363,[MVP+] Reliate [DARK],6016,420,14169,14341,2.45,0.59,7.01
364,[MVP+] ToxicFlame [FOO],6011,562,24816,20248,1.84,0.90,5.97
365,[MVP+] MildlySweaty,6007,319,11816,18236,27.31,0.82,70.96
366,[MVP+] MilleniumBug [ITALY],6000,724,26737,12009,1.63,0.81,3.19
367,[MVP++] ENGLO [ΘREBLΘ],5993,556,11583,12471,2.88,0.51,5.59
368,[MVP++] Protectionn [GGMEN],5985,475,16617,16548,3.47,0.67,9.39
369,[MVP+] KamikazeMission,5982,492,19578,19120,1.34,0.57,4.29
370,[MVP+] SpookyTKDS [87],5951,582,21919,11871,3.45,0.54,6.30
371,[MVP+] oofEar [RMPGE],5945,595,24330,26133,1.45,0.68,6.41
372,[VIP] 7n5_ [TRAGEDY],5945,310,13593,17922,4.94,0.63,12.39
373,[MVP+] Plateni_TW [FAZE],5938,436,20558,17129,2.16,0.69,5.96
374,[MVP+] xAngie [S],5938,586,24948,15459,2.21,0.88,6.13
375,[MVP+] Meqqn [FOO],5937,306,9078,13546,8.73,0.59,18.13
376,taf4y [CHAMPS],5935,683,31761,24113,0.79,0.95,3.94
377,[MVP+] MrEpicDude666,5930,315,8329,23307,7.17,0.65,28.67
378,[MVP+] Shablo [ITALY],5928,378,14800,14726,5.50,0.77,14.08
379,[MVP+] RodrY_ [STORM],5925,622,23858,17418,3.09,1.10,9.07
380,[MVP++] mylla_ [BRASIL],5920,697,44179,20232,1.58,1.18,5.22
381,eCarry [DARK],5919,447,16839,18592,1.97,0.62,6.67
382,[MVP+] 32PeaAttack32 [TALIBS],5918,539,12453,10883,2.25,0.39,4.45
383,[MVP+] WRONGFUL,5917,461,13619,14971,3.37,0.70,7.72
384,[MVP+] Bact,5907,462,21144,20827,2.28,0.76,8.89
385,[MVP+] Night_DeviiL [ANNOY],5899,622,24432,17131,0.98,0.60,3.08
386,[MVP+] outsin [THORN],5885,510,11700,10248,4.17,0.69,6.97
387,[MVP++] Candy1024 [ICKY],5873,476,25666,15772,2.25,0.69,6.13
388,[MVP++] Shallowing [S],5856,512,16829,14196,2.81,0.83,6.44
389,[MVP++] katchuq [UTMOST],5851,447,14279,14272,4.61,0.53,9.83
390,[MVP+] LeQiTnEsS [IYN],5846,614,22341,18804,2.08,0.85,7.00
391,[MVP+] Syk1pz [LIGHT],5838,242,10785,18381,10.5,1.11,31.31
392,[MVP+] RottenMango_ [TUKTUK],5823,552,23148,19628,1.86,0.80,6.14
393,[MVP++] frostdriven [GGMEN],5812,541,23029,17478,1.72,0.75,5.11
394,[VIP+] kelvinhkhk [JL],5811,472,25806,17864,4.32,1.21,12.00
395,[MVP+] sadpink [BLOOD],5809,349,13453,16025,5.09,0.68,13.69
396,[MVP++] Morgab [IYN],5807,456,10389,13321,3.26,0.43,6.86
397,[MVP+] Caritas_09 [INLOVE],5797,734,45519,21073,0.62,0.71,2.30
398,[MVP+] Kwalk5 [GGMEN],5795,390,8311,14213,21.00,0.54,42.43
399,[MVP++] Bilst [DREAM],5780,520,16904,9539,1.51,0.39,2.38
400,[MVP+] LitD [VAPE],5772,519,27057,18087,0.95,0.65,3.27
401,[MVP+] Micho18 [TRAGEDY],5771,360,7092,12944,2.85,0.47,5.41
402,[MVP++] mystal [ANNOY],5765,576,18059,18383,1.60,0.70,5.52
403,[MVP++] owogami [B3LT],5749,669,30980,22492,1.36,0.78,4.96
404,[MVP+] Muys [ASSIST],5749,567,28758,19312,1.42,0.77,4.74
405,[MVP+] Rebelions [DARK],5730,692,32701,23698,0.99,0.78,4.13
406,[MVP+] OffTab,5727,268,6379,20186,18.78,0.56,44.96
407,[MVP++] MihelTheWell [ANNOY],5726,612,27497,23364,3.49,1.57,14.10
408,[MVP+] 1xSq_ [BLUE],5725,600,22160,21287,1.57,0.92,5.44
409,oJavel,5703,489,18845,14070,2.04,0.66,4.91
410,Skeptal [STAR],5701,567,16997,17327,1.82,0.60,5.34
411,[MVP+] Sportika,5694,346,8586,13066,4.53,0.51,12.01
412,[MVP+] blazing_lord [TRAGEDY],5693,624,17696,18750,1.35,0.51,4.42
413,[MVP+] EliteKeebler [XCUSE],5687,543,23522,21108,2.55,0.73,9.53
414,[VIP] Sin_Guei [FAMILY],5684,522,18005,17156,2.59,0.54,7.12
415,[MVP+] OhmyFanat1c_ [TURDLE],5668,443,12867,16874,3.85,0.53,11.39
416,[MVP+] 3R9 [ΘREBLΘ],5667,551,21589,19973,1.75,0.93,6.23
417,[MVP+] Embersong [IYN],5652,388,9391,13230,7.86,0.55,17.12
418,[MVP+] SpOoKySmUrPh [DECAY],5651,560,30521,21909,1.21,0.73,4.71
419,[MVP+] RudeKK [KINGS],5634,620,25350,17144,1.09,0.78,3.43
420,[MVP+] Omniexe [ICKY],5633,418,11325,16378,15.65,0.72,39.00
421,[MVP++] Blundel [NOLIFE],5629,503,12101,16314,9.09,0.70,21.08
422,[MVP+] Hippppo,5626,282,9893,14236,6.71,0.63,16.10
423,[MVP+] cloutchaserbrey [STORM],5622,582,12361,10719,1.23,0.45,2.29
424,[MVP+] LeavesAreBrown,5607,383,9910,9764,3.04,0.50,5.82
425,[MVP+] iJoshy [NOLIFE],5602,276,11241,14789,5.33,0.99,13.28
426,[VIP] SpOokySquig,5599,370,15273,20536,3.23,0.76,11.86
427,[MVP+] Aility [IYN],5598,390,9123,12927,7.05,0.72,14.41
428,[MVP+] KKxz [HEARTS],5593,517,11580,10836,2.50,0.44,4.32
429,[VIP] _yz21 [NEKO],5591,523,24892,17508,1.51,0.61,4.48
430,[MVP+] Rachxo [IYN],5587,328,7468,12427,8.97,0.57,19.27
431,kay_21,5582,252,10724,16907,23.96,1.00,64.04
432,[MVP+] dnemelka [HATE],5575,329,12869,22020,3.77,0.70,15.22
433,[MVP++] Buniiech [TRYHARD],5575,610,26324,20277,2.18,1.18,7.53
434,[MVP+] Hooverr [ANNOY],5561,612,11352,15189,5.85,0.51,14.56
435,[MVP+] Potatus [STORM],5558,522,26701,21616,1.82,0.89,6.89
436,[MVP+] dabbermelon69 [VIBES],5557,424,21401,13975,1.45,0.54,3.47
437,[MVP+] EggRollsArentLit,5553,354,12577,16604,2.37,0.64,7.64
438,[MVP+] Reyoo [ENIGMA],5551,454,14232,14795,2.83,0.59,7.88
439,[MVP++] _Hailey [ICKY],5538,764,18682,17560,1.74,0.72,6.39
440,[VIP] Hiyn [IYN],5534,255,16252,19023,4.29,0.98,14.94
441,[MVP+] twahk [TRAGEDY],5531,488,17462,15515,1.70,0.61,4.90
443,[MVP+] Daawn,5528,405,16119,12340,2.14,0.57,5.13
444,[MVP+] Divinah [ENVY],5527,473,18686,16757,4.12,1.37,11.10
445,[MVP+] SCMEE [ARISE],5519,524,26314,22903,1.55,0.86,6.53
446,[MVP+] icantdecidenamXD [FAZE],5506,444,17068,17049,2.22,0.70,7.14
447,[MVP+] Derlin,5498,415,19485,17185,2.01,0.67,6.24
448,[MVP] iiGeorges [BLUE],5485,619,27599,22600,0.92,0.76,4.34
449,[MVP+] VSCOwoman [FROST],5482,426,19308,13135,1.80,0.54,4.53
450,[MVP++] Maxellkill [VIBES],5475,593,22060,16125,1.47,0.60,4.51
451,[MVP+] yourlocalwagd,5472,414,17134,17040,1.97,0.77,6.40
452,[MVP+] home1 [SOS],5464,383,10414,14601,3.82,0.52,9.63
453,Collpry [ABYSS],5462,514,14101,12562,2.05,0.49,4.45
454,[MVP+] Nikita_956 [ARBALEN],5455,615,18306,16083,1.66,0.78,5.32
455,[MVP++] Vrqxo [ΘREBLΘ],5455,632,19827,20320,1.22,0.56,4.85
456,[MVP+] annaa [ABYSS],5450,439,18615,17138,2.25,0.72,6.74
457,[MVP+] iElephant [S],5448,282,10951,14663,4.29,0.43,10.73
458,[MVP+] Averiguar,5442,367,14204,14653,2.66,0.59,7.57
459,[VIP] iSqy [FOO],5438,512,22699,20788,1.85,0.78,6.67
460,[MVP+] 7xR [FAZE],5438,445,16092,19847,4.43,1.26,16.47
461,[VIP+] teishan,5437,260,10913,15257,5.38,0.83,13.30
462,[MVP++] shnow,5429,464,18348,13663,2.81,0.72,6.72
463,[MVP+] Deema [ANTI],5398,584,20374,14944,1.31,0.56,3.69
464,[MVP++] MyBoyManhal [ABYSS],5394,642,19847,17589,0.74,0.51,3.17
465,[MVP++] xHascox [F],5382,255,8058,16611,31.29,0.84,76.20
466,[MVP+] SoLukas [LUNA],5379,528,18527,14980,2.04,0.67,5.48
467,[MVP+] StudyHours,5378,347,13882,17665,3.74,0.95,12.09
468,[MVP+] alex_vause [AVIS],5373,345,12755,12857,4.22,0.98,9.71
469,[MVP+] humongousorca [ANNOY],5371,417,11391,14294,13.36,0.95,41.67
470,[MVP+] TootTootImAUte,5363,323,10397,15545,5.07,0.60,14.06
471,[MVP+] Hippolegend [YOAST],5349,692,23218,19200,1.40,0.76,4.97
472,[MVP+] MrMendes_ [BRASIL],5342,484,20149,19547,5.04,1.38,17.42
473,[MVP+] Skuiishy,5340,487,14454,15636,1.35,0.70,4.48
474,[VIP+] NameOfLove [GANG],5338,468,17802,13418,1.45,0.48,3.57
475,[MVP+] Ohna [IYN],5331,452,22129,10776,3.54,1.07,7.07
476,[MVP+] HaxPigman,5328,265,7067,12597,5.94,0.59,13.37
477,[MVP++] Naiaaa [WOKE],5324,491,17166,17410,3.61,0.91,10.90
478,[MVP++] 8bni3 [TLG],5321,492,33454,21689,1.40,0.90,5.53
479,[MVP+] Tlangi,5321,559,14444,12890,1.90,0.70,4.83
480,[MVP+] TheLab [ZEAL],5312,494,14058,13880,1.78,0.45,4.52
481,[MVP+] Cerey [STORM],5305,442,9364,10048,2.26,0.47,4.32
482,[MVP+] gamerboy79 [GGMEN],5301,320,9914,16416,6.80,0.58,19.61
483,[MVP+] ibunnie [GGMEN],5299,387,16499,13220,5.10,0.78,11.43
484,[MVP+] nanoom [DIA],5289,515,17369,15752,1.58,0.78,4.68
485,[VIP+] TyzkVYD_K7cJ2o5T [WINTER],5288,647,18017,18895,1.75,0.59,6.43
486,[MVP+] Shading [SWEAT],5284,296,13240,17484,6.93,0.75,21.56
487,[MVP+] OhNoWhale [ANNOY],5276,413,9744,12629,3.31,0.50,9.84
488,[MVP+] UhIzzy [ABYSS],5274,493,20046,12456,2.28,0.65,5.36
489,[MVP+] MakeSure,5271,495,16147,13785,2.55,0.57,6.95
490,[MVP+] iWinPVP [STORM],5253,562,18004,17713,1.95,0.78,6.64
491,[MVP+] _AquaRegia_ [IYN],5252,471,13212,15958,8.77,0.69,24.74
492,[MVP+] StarupHitman [ABUSE],5250,618,24452,18843,0.75,0.58,3.20
493,[MVP+] Stricta [TRAGEDY],5248,544,24181,13971,1.63,0.71,4.41
494,[MVP+] iPhoneWifi,5246,319,13194,17586,3.59,0.76,11.82
495,[MVP+] AlfaRomeo [LEON],5246,305,12024,16621,5.53,0.97,16.49
496,[MVP+] ItzMD [ENIGMA],5245,581,16643,18397,1.59,0.58,5.94
497,[MVP+] Demorphine,5239,339,9774,12583,3.84,0.51,9.29
498,[MVP++] Mikala1351 [IHQ],5235,638,30140,19232,1.31,1.08,4.76
499,[MVP++] LowkeyBee [ANNOY],5230,488,29086,16687,2.66,1.32,7.75
500,[MVP+] NotBuff [RT],5227,413,21600,21672,2.02,0.80,9.18
501,Interstelar [NONS],5225,481,23487,17171,1.12,0.61,3.87
502,[MVP+] AceLuvBoliTu,5223,420,9639,13991,4.85,0.73,13.69
503,[MVP+] diamante4316 [ITAPRO],5210,451,22781,20784,2.59,1.41,10.84
504,[MVP+] Kozzai [FAZE],5205,359,9960,12629,4.77,0.58,11.22
505,[MVP+] BloodEffect [IYN],5205,304,7361,15257,22.73,0.89,58.23
506,[MVP++] Savaer [SWEATS],5199,514,21976,16765,1.83,0.83,5.84
507,[MVP+] ScaffoId,5196,472,23564,17687,1.32,0.64,4.72
508,[MVP++] Kajacz [NERDS],5196,425,15985,17162,3.88,0.96,12.40
509,[MVP+] Dupery,5191,492,26863,18675,2.79,1.19,10.05
510,[MVP++] WarAndPeace [FAZE],5188,460,14408,15064,2.28,0.77,6.43
511,[MVP+] PanicKk [AFLAME],5187,619,24771,18012,0.88,0.70,3.15
512,[MVP+] Ayerin [KOE],5185,324,13238,16015,6.49,0.88,21.13
513,[MVP++] Madgical [THORN],5183,575,13481,15006,4.17,0.68,10.87
514,[MVP+] NCKO,5183,421,16972,18734,3.27,0.72,10.89
515,[MVP+] SMAJoUR,5172,520,13043,13286,2.78,0.48,7.49
516,[MVP+] xUnGodly [ALLIED],5172,482,30999,27982,1.88,1.24,10.21
517,[MVP++] Zethia [WOKE],5171,372,20426,20043,4.14,1.13,15.38
518,[MVP+] HoHoCloe [TURDLE],5159,553,10366,10050,5.40,0.47,8.23
519,[MVP++] hypx [FAZE],5158,510,23478,11087,1.99,0.74,4.22
520,[MVP+] oLocal [ABYSS],5154,571,28291,21501,0.71,0.63,2.96
521,[MVP+] Trior [STORM],5147,406,14612,17970,3.71,0.74,12.51
522,[MVP++] heatinq [ENIGMA],5138,436,14795,13511,4.67,0.74,11.53
523,[MVP+] Heatings,5132,368,7919,12381,5.57,0.63,11.34
524,[VIP] beam_JP,5132,278,9758,13454,4.13,0.63,9.36
525,[MVP+] derski,5127,470,19290,15359,3.97,0.95,12.60
526,[MVP++] Meeeeeep [ΘREBLΘ],5121,649,24572,17292,1.14,0.76,3.86
527,[MVP+] Wilfreddakiller [BLUCRU],5106,294,9529,13626,5.35,0.76,13.20
528,[MVP+] ObsidianTacos [STHAKL],5102,335,8955,12564,1.99,0.38,5.00
529,[MVP+] allie6d [STORM],5098,389,13729,12331,2.15,0.64,5.45
530,[MVP+] Codyle [GOD],5096,523,23447,10544,2.44,0.69,4.71
531,[VIP] catzzy [ANNOY],5092,377,11189,14202,5.07,0.60,13.56
532,[MVP+] iFlexy [SAD],5092,544,14894,9590,1.92,0.49,3.44
533,[MVP+] SHAMZO [IYN],5092,319,10805,15514,8.98,0.88,24.70
534,[MVP+] qmss [SAD],5087,408,12802,11338,1.74,0.48,3.61
535,[MVP+] baaaaaaaaaaaaad [HEARTS],5084,468,18925,17614,1.77,0.67,6.27
536,ImFifty [REMIX],5080,615,13121,12226,2.79,0.56,6.71
537,[MVP+] LIMMJ [ENIGMA],5078,577,14984,18460,1.45,0.52,5.01
538,[MVP++] FeltyShoe [THORN],5074,547,23616,17878,1.69,0.82,5.69
539,[MVP++] oNotes [EX],5072,389,11741,16903,6.07,0.74,18.76
540,[MVP+] MeanKills [FAZE],5071,387,24500,19246,2.80,1.31,10.90
541,[MVP+] Dqli_ [TRAGEDY],5065,429,17903,16671,1.37,0.63,4.20
542,[MVP+] MyAustralianPing [LTG],5060,384,12946,16601,2.37,0.78,7.21
543,[MVP+] Surgefx [BLOOD],5060,470,19369,18305,2.02,0.66,7.38
544,[MVP+] OfficiallyAlex [ANNOY],5056,332,14700,18851,7.64,1.07,27.80
545,[MVP+] MartinsGG,5045,283,15955,13381,1.92,0.64,5.73
546,[MVP++] NotAtRIP [ANNOY],5030,466,18028,17884,2.18,0.84,7.26
547,[MVP+] NoEsteem [DARK],5026,434,18533,16639,1.43,0.61,5.42
548,[MVP+] wahk [BLOOD],5025,264,8545,16681,62.04,0.90,168.50
549,[MVP+] ItzLz [ESSR],5012,380,15831,11989,2.57,0.66,5.67
550,[MVP++] ItsTUF [BRAVO],5000,559,22964,21365,1.81,0.93,10.13
551,[MVP+] SupremeAndFresh [HECKER],4992,251,5878,8747,4.64,0.34,7.79
552,[MVP++] mlelm [ABYSS],4987,438,16105,14653,3.47,0.80,9.71
553,[VIP] ricokatie [FADE],4984,239,5471,10873,12.40,0.52,25.29
554,[MVP+] Diiiablo,4984,404,9897,9912,3.02,0.45,5.15
555,[MVP+] SMBFF [AFK],4980,480,32125,19203,2.03,1.07,8.20
556,[MVP+] Rosepha [IYN],4977,336,8956,11007,3.99,0.66,11.37
557,[MVP+] Kananno,4966,424,26067,22344,1.79,1.00,8.29
558,[MVP++] oShawty [TRAGEDY],4958,455,21861,11666,1.32,0.79,2.91
559,[MVP+] DarkReaperz,4953,524,16446,15167,3.98,0.99,12.96
560,[MVP++] elkkkk [C],4947,533,21448,15819,1.28,0.72,4.50
561,[MVP+] GangstaDemon,4941,292,6680,11230,6.81,0.43,14.32
562,[MVP+] HexicXD,4937,346,10372,11935,2.00,0.45,4.91
563,[MVP+] pupuchaan [PUPU],4933,324,9343,15268,5.59,0.45,19.78
564,[MVP+] ActuallyLit [HAWT],4926,629,25598,16707,0.80,0.75,2.75
565,[MVP+] ItsALieThatI [HEARTS],4926,546,15206,14743,1.36,0.46,4.19
566,[MVP+] Thriftys,4922,333,12629,12221,1.49,0.44,3.82
567,[MVP+] ohGenny [ABYSS],4922,575,23336,16726,1.10,0.62,3.71
568,[MVP+] aleksowo,4917,567,26505,18624,1.42,0.76,5.43
569,[MVP+] Savagepanada [RUSH],4916,528,31770,21531,1.06,0.91,4.69
570,[MVP+] SelfDiagnose [ADDICT],4916,477,15386,9444,4.07,0.63,7.64
571,[MVP+] DontName [MOVE],4915,470,14687,14165,2.39,0.80,7.79
572,[PIG+++] Technoblade [NERD],4908,221,7682,20096,19.02,1.02,77.59
573,[MVP+] silliests [HEARTS],4900,510,19469,18537,1.54,0.63,5.74
574,[MVP+] Mqdelin [ROCK],4897,779,31615,15209,0.79,1.00,2.61
575,[MVP+] Lithirz [FAZE],4891,474,21304,13226,1.48,0.60,4.59
576,[MVP+] IrlPriest,4890,406,12694,12336,1.74,0.51,4.35
577,[MVP++] Tashicat1 [ANNOY],4890,619,15419,8802,1.67,0.53,2.95
578,Pairel [LUCID],4872,634,36773,17472,0.81,0.88,3.13
579,ItsHard [IYN],4867,389,16188,12382,5.25,0.95,12.64
580,[MVP+] kittein [ANNOY],4860,407,14351,12479,2.78,0.53,6.97
581,[MVP+] NinjaRaiser [ROICE],4845,365,14690,19190,4.13,0.93,17.51
582,[VIP] sadreax [IYN],4838,311,9948,13199,3.77,0.65,10.56
583,[VIP+] MysteryXzero,4832,454,17811,17796,1.46,0.62,5.61
584,[MVP++] cuteily,4830,416,23788,21204,1.32,1.09,7.07
585,[MVP+] ChampSky37 [QT],4828,554,21395,18470,2.04,1.04,7.98
586,[MVP+] LLDie [MASTER],4825,535,22778,13887,0.83,0.52,2.45
587,[MVP+] yatu,4813,413,10415,10688,1.74,0.44,3.89
588,[MVP++] OhKoala [COOL],4807,473,11589,7841,1.60,0.39,2.70
589,[MVP+] manoxide [RMPGE],4804,488,18309,16507,1.41,0.71,4.79
590,[MVP+] NotScared,4801,462,23900,19856,1.22,0.77,5.65
591,[MVP+] Styn,4799,221,7237,11903,6.64,0.77,15.52
592,[MVP+] theonlymaxie [ABYSS],4797,506,14046,14798,1.78,0.59,5.26
593,Cryptocurrencies [ANNOY],4790,390,14092,16214,3.68,0.92,11.96
594,[MVP+] Ghmmy [SB],4785,463,19708,13731,2.97,0.92,8.45
595,[VIP] DomiPlayzMC,4784,536,17477,15960,2.29,0.64,8.18
596,[MVP+] Deloro,4783,326,15235,14469,1.40,0.62,4.87
597,[MVP++] egxrl [ＳＵＢ２ＭＥ],4782,419,14737,16199,4.74,1.05,14.65
598,[MVP+] adamster,4779,427,18049,14317,1.93,0.68,5.85
599,[MVP+] YaGirlElla,4778,294,15041,14510,2.85,0.86,8.12
600,[MVP+] IlyMartins [ITALY],4771,427,20938,14787,1.25,0.72,4.09
601,[MVP+] Jyroz [GOD],4769,458,11833,7991,2.25,0.53,3.66
602,[MVP++] Da_Boss106 [SORE],4766,505,14551,11563,1.19,0.50,3.01
603,[MVP++] Avila [DEMON],4763,405,8934,16236,3.13,0.45,9.65
604,[MVP+] ChubbyKars [STORM],4755,312,10110,14831,8.10,0.65,23.62
605,[MVP+] mazye,4752,486,14390,14871,1.35,0.49,4.31
606,[MVP+] Hugeness [ABYSS],4750,464,19582,16485,1.67,0.79,6.01
607,[MVP+] KurokosDog,4748,228,8531,12095,6.26,0.62,17.23
608,[MVP++] Jessifier [IYN],4748,585,12315,11884,1.96,0.79,5.26
609,[MVP+] SweEmpire [LIGHT],4746,433,18979,14968,1.41,0.77,5.12
610,[MVP++] Sansaa,4745,260,7330,10816,3.61,0.60,7.42
611,[MVP++] pretsalt [TRYHARD],4742,749,26900,15294,0.87,0.68,2.81
612,[MVP+] Butnow,4740,423,21739,19112,2.59,1.03,10.45
613,[MVP++] Rowren [CCF],4739,554,33535,21002,0.67,0.68,3.01
614,[VIP] windows1plays [FAZE],4731,422,18605,15251,3.03,0.92,8.94
615,[MVP+] 9nw,4729,413,10942,14367,2.68,0.55,9.09
616,[VIP] ViPCreators [SAVAGE],4727,405,26440,16211,3.50,0.99,11.17
617,[MVP+] ZenZenZense,4724,449,24039,16703,3.27,0.96,12.18
618,[MVP+] cinerary [CUTIE],4722,318,18129,20172,6.05,1.28,25.41
619,[MVP+] Innujin [IYN],4722,240,6619,14805,17.75,0.88,57.16
620,[MVP+] Difsy [LUNA],4721,449,21887,16517,2.39,0.99,8.28
621,[MVP+] JermOP [STAR],4719,386,11844,10509,1.20,0.39,2.59
622,[MVP+] Rinos [IYN],4713,338,13903,16008,3.90,1.00,17.77
623,[MVP] Whosbad [RUSH],4708,434,19687,13696,1.47,0.59,4.79
624,[MVP+] Endering [PUFFY],4708,454,17320,15367,2.47,0.89,8.03
625,[MVP+] FecuV2 [KEK],4695,216,5436,12686,24.08,0.43,51.57
626,[MVP+] ik3non [S],4692,524,21302,13882,0.95,0.65,2.64
627,[MVP+] _iPotato,4691,435,11548,13538,3.97,0.55,10.78
628,[MVP+] SpookyZak [ABYSS],4690,564,14175,13660,2.50,0.69,6.85
629,[MVP+] Ladu [WOKE],4682,463,25955,16929,1.49,0.89,6.35
630,[MVP+] aktei [KEK],4682,307,13273,15555,5.88,0.76,16.37
631,[VIP] Zuew [HAX],4681,356,14801,12013,1.47,0.64,3.95
632,[MVP++] autc [DDONG],4680,561,22084,12138,0.65,0.46,1.97
633,[MVP+] Matterho [NIGHT],4677,295,9731,14791,3.48,0.68,10.76
634,[MVP+] bbgz [CUT],4677,452,22846,11864,1.52,1.08,3.92
635,[MVP+] WithoutColour,4675,479,20585,14008,0.96,0.94,2.89
636,[VIP+] __Maxy,4674,519,14293,9176,1.65,0.54,3.30
637,[MVP++] fulpsito [BLOOD],4663,265,8869,15295,21.10,0.90,58.16
638,[MVP++] eggrollWilly [HK],4661,564,18568,15645,2.64,0.92,8.90
639,[MVP++] Filsone [HYP],4659,532,26943,15810,1.10,0.81,3.71
640,[MVP+] BlatantReech,4643,265,10671,19072,4.38,0.71,17.21
641,[MVP+] ThankfulWilliam,4642,543,25364,16717,1.56,0.97,5.85
642,[MVP+] Tanyax,4639,307,10586,10966,2.02,0.63,5.02
643,[MVP+] Adjust_ [ENIGMA],4637,403,22156,21671,2.09,1.00,9.41
644,[MVP+] Nofast [TRAGEDY],4632,418,16214,8749,1.33,0.59,2.62
645,[MVP++] Dogcatwhat [BLOOD],4631,252,7608,13438,14.34,0.80,41.48
647,[MVP+] leafchips,4626,505,13666,9901,1.94,0.90,4.43
648,[MVP+] ibrahimzzz [FAZE],4624,432,10534,11411,2.22,0.48,6.15
649,[MVP+] sqcce [QEWETY],4619,504,29352,16771,0.93,0.63,3.43
650,[VIP+] iiDrakenBro [DRAGON],4613,417,15818,11936,1.11,0.49,3.04
651,[VIP] GlowSlow [TRAGEDY],4612,337,12278,13994,3.25,0.63,9.80
652,[MVP] Bunny568 [TW],4611,421,10561,12691,2.14,0.51,6.08
653,[MVP++] vRoRo [WOKE],4610,481,21593,12223,2.92,0.96,7.28
654,[MVP+] RyanKinq,4608,318,12739,9539,2.25,0.67,4.88
655,[MVP+] oSharon [S],4602,283,7326,9159,2.57,0.36,5.23
656,[MVP+] DalekLogic [GANG],4599,401,19340,17626,3.91,1.42,15.01
657,[MVP+] Drdy,4597,330,15394,16234,3.25,0.66,11.12
658,[MVP] xJasse [LIX],4595,568,23728,13473,0.97,0.68,2.81
659,[MVP+] ArtificialGod,4594,479,19255,20959,2.33,1.12,10.40
660,[MVP+] d1ed [STORM],4594,434,20182,13516,1.31,0.66,4.19
661,[MVP++] Bluq [LUCID],4587,583,17846,13866,1.75,0.62,5.06
662,[MVP+] Defiar [ANNOY],4585,479,21456,15748,1.79,0.72,6.60
663,[MVP+] OoNinja [TRAGEDY],4572,476,14487,12742,1.50,0.49,4.36
664,[MVP+] Lacida [VAULTIC],4571,336,16888,16605,2.33,0.81,8.17
665,[MVP+] ProGamingSenpai [CURSED],4570,560,22518,16458,1.13,0.86,4.10
666,[MVP++] 1Hobo [BLOKE],4567,505,22554,15676,1.15,1.07,3.92
667,[MVP++] Derptism [SOS],4558,397,12081,10823,1.89,0.63,4.50
668,[MVP+] PlsHateMe [LEGIT],4555,621,28811,17153,0.42,0.55,1.65
669,[MVP+] vbubblq,4553,425,19509,17075,2.42,1.14,9.11
670,Rudiments [ALLURE],4551,379,14264,11163,2.42,0.57,5.93
671,[MVP+] DhitCzL,4538,217,3991,7723,5.38,0.43,8.48
672,[MVP+] Pelist [ASSIST],4538,427,22624,15199,1.93,0.87,6.80
673,[MVP+] unnew [EGIRL],4536,509,24621,21353,0.97,0.82,5.39
674,[MVP+] MaskedPlayz,4532,417,16168,15978,1.60,0.61,5.59
675,[MVP+] ComboQ [FAZE],4532,329,10575,12758,5.75,0.69,15.06
676,[MVP+] Spxcific [LOLIS],4528,520,15041,9803,1.14,0.55,2.43
677,[MVP+] Y42 [LIGHT],4528,336,13038,14786,1.89,0.89,6.76
678,[MVP+] AndydeARG,4523,457,11165,10536,1.75,0.57,3.90
679,[MVP+] babyluigig4 [YT],4521,556,27859,18134,1.36,1.10,5.55
680,[MVP++] PopUps [XO],4520,479,18738,16075,1.66,0.94,5.63
681,[MVP+] maxblock123,4509,430,21810,14318,1.71,0.92,5.25
682,[MVP+] ThankfulSydney [LIX],4496,603,17684,8723,0.99,0.55,1.99
683,[MVP++] jordancutie [TRAGEDY],4490,447,11077,9108,2.12,0.55,4.13
684,[MVP+] DontBanMeShrek,4490,364,13137,14119,2.65,0.76,7.68
685,[MVP+] CallMeIcee [WEIFAT],4483,412,8870,11192,3.79,0.47,9.14
686,[MVP+] xDavids [CUT],4477,175,6960,14177,95.26,0.64,218.11
687,[MVP+] Chorei [BRASIL],4476,432,15773,11390,1.66,0.77,3.93
688,[MVP++] GooseyGang [TALIBS],4475,391,15196,12560,1.86,0.58,5.42
689,[VIP] Kqwy [TRAGEDY],4472,450,11280,9829,2.11,0.61,4.40
690,[MVP+] dxdamig,4468,465,18744,9038,0.98,0.44,1.90
691,[MVP+] WolfRift [NOLIFE],4463,312,10035,11011,2.67,0.48,6.56
692,[MVP+] xTaavi,4462,504,15436,14372,2.52,0.90,7.65
693,[VIP+] DragonTomas [FALL],4461,215,8564,14487,6.20,0.72,23.40
694,[MVP++] ohparis [MISC],4460,397,18947,12791,1.28,0.58,3.54
695,[MVP+] Tristiqn [YEEHAW],4458,497,21477,17583,1.41,0.80,5.70
696,[MVP++] GhoulsRBae [UTMOST],4456,454,18247,15023,2.32,1.02,7.46
697,Thenicicles [GGMEN],4454,273,10070,17286,6.72,0.95,38.76
698,[MVP+] Noctorno [YES],4452,539,23724,15385,1.48,1.27,5.42
699,[VIP+] SubtleDepression [DARK],4448,259,9790,11139,2.71,0.52,6.76
700,[MVP+] 21Pandaz,4445,320,10742,13542,8.32,0.79,22.68
701,[MVP+] Seiba,4442,256,12035,14569,7.09,0.81,22.21
702,[MVP+] spookyhhills [ЕЅПАТЕ],4440,497,16550,15519,2.05,0.72,7.06
703,[MVP+] aInspire [ANNOY],4439,424,14827,10965,2.48,0.77,5.93
704,[MVP+] Atolla [SCRAT],4434,475,14142,15870,2.57,0.72,8.71
705,[MVP+] Wurple [QT],4432,542,23677,18381,1.44,1.11,6.50
706,[MVP+] BIGBOYBIAZ [SQUISH],4430,673,26286,15909,0.54,0.69,1.94
707,[MVP+] Max166,4427,192,8534,14709,15.87,1.15,49.19
708,[MVP+] Fuzhh,4423,257,12245,17742,8.36,0.81,30.07
709,[MVP++] Distilling [DARK],4416,426,15857,13025,1.80,0.80,5.67
710,[MVP+] Divinlockt [NOLIFE],4414,364,16150,18351,2.62,0.82,11.59
711,[MVP+] walkgarss [JL],4412,306,6790,7700,12.36,0.40,20.87
712,EbenezerLembe [STATS],4412,410,14859,5054,1.67,0.66,1.89
713,[MVP++] Gynesis [NOLIFE],4412,373,15709,20565,2.74,0.88,12.54
714,[MVP+] Visity,4407,261,10274,14297,12.96,0.74,33.02
715,[MVP+] KingRGA [ENIGMA],4400,496,17943,14396,1.59,0.71,5.36
716,[MVP+] meBooks [STORM],4398,518,11496,11899,1.70,0.49,4.99
717,insiqhts,4397,473,17451,14962,0.89,0.82,3.60
718,[MVP+] Soaler [ŖĄЩŖ],4390,525,19370,19170,3.24,1.40,14.01
719,[MVP++] MMeisterr [ENIGMA],4387,353,9708,12228,8.59,0.65,23.43
720,[MVP++] HmmRekt [BLOOD],4383,185,3966,9400,8.01,0.44,14.26
721,[MVP+] StopPotatoWifi [BIRB],4376,528,20956,14300,1.17,1.02,4.04
722,[MVP++] Homa [ENIGMA],4376,370,15604,14294,2.79,0.87,9.04
723,[MVP+] Bedwarz [LIGH],4375,489,21345,18081,1.09,1.06,4.95
724,[MVP+] 6wf,4369,362,16757,8929,1.14,0.53,2.33
725,[MVP++] Puffedy [420],4364,445,18475,14318,1.13,0.77,3.71
726,[MVP+] xNvErB1cK [WEIFAT],4363,551,23001,11182,1.33,0.89,3.42
727,[MVP+] Swayv [ENIGMA],4360,403,26680,13423,1.15,0.74,4.08
728,[MVP+] overexaggeration [DEMON],4360,401,12485,14791,2.89,0.93,10.17
729,[MVP+] Objets,4359,250,10959,13837,10.98,1.09,29.82
730,[MVP+] Mabungo,4358,374,18243,11600,2.07,0.80,5.53
731,[MVP+] Miyn,4358,201,6613,10447,6.26,0.53,14.95
732,[MVP++] crinqing [ABYSS],4357,437,11007,7141,1.14,0.40,1.99
733,[MVP+] crcl [FAZE],4355,356,16884,16526,1.64,0.66,6.23
734,[VIP] Leanee [TRAGEDY],4352,448,24602,11877,1.49,0.74,3.96
735,[MVP++] Jqsie [STAR],4352,457,21488,15511,3.08,1.52,9.73
736,RamenEater69 [NONS],4338,475,18115,15426,2.27,0.75,7.40
737,[MVP+] ViperLink [ENIGMA],4335,405,18236,15825,1.82,0.91,6.43
738,[MVP+] Stronq [TRAGEDY],4328,401,14348,15172,0.92,0.58,4.01
739,[YOUTUBE] SB737 [XBOX],4317,224,7159,12555,6.38,0.61,16.85
740,[MVP+] Scubix [H],4316,225,6377,14565,5.79,0.62,17.57
741,[MVP+] Fqrret [DEMON],4315,321,13565,11719,1.57,0.71,4.35
742,[MVP+] OuO_87 [PANNI],4311,424,11160,9649,2.59,0.51,5.82
743,[MVP+] ThankfulYan [ANNOY],4303,336,9454,13185,6.71,0.71,22.81
744,[MVP+] xMody [GOAL],4300,223,7109,9074,3.41,0.44,6.63
745,[MVP+] vintiii [2NISIA],4297,383,13030,14425,4.32,0.89,13.31
746,[MVP+] Beiorg,4295,303,7322,8463,2.17,0.30,4.38
747,[MVP++] Emiwy [FOO],4295,459,7996,5722,1.25,0.57,1.78
748,[MVP+] Tixh [UTMOST],4295,497,14888,9041,0.59,0.37,1.42
749,[MVP+] FlynnyLovesDemii [HOLY],4293,467,17479,6731,1.04,0.59,1.64
750,[MVP+] angelikas,4293,197,4996,11674,13.05,0.70,36.94
751,[HELPER] Eighties [ＳＵＢ２ＭＥ],4282,349,13716,11573,1.69,0.58,4.50
752,[MVP+] ohJamie [GANG],4281,529,23007,16402,0.82,0.78,3.42
753,[MVP+] SpoonfulOfCringe [NOODLE],4276,585,32023,19419,0.74,0.88,3.82
754,[MVP+] SantaWolf,4276,195,5462,7411,3.47,0.39,5.76
755,[MVP+] FreakinDope [SPASM],4276,506,16370,14157,2.15,0.72,7.01
756,[MVP+] Luvings [STORM],4275,381,14629,10994,1.76,1.12,4.68
757,[VIP+] DoNotBloodySteal [XCUSE],4274,380,15602,9987,1.27,0.65,2.97
758,[MVP+] symeone [S],4273,324,8849,10135,1.99,0.44,4.72
759,[MVP+] Mewzzy,4272,413,17328,11499,4.27,1.17,11.34
760,[MVP+] multiplier [FAZE],4272,355,9443,10149,3.2,0.43,7.22
761,[MVP+] SpookyB1u3Y [TRAGEDY],4269,412,12798,7822,2.41,0.70,4.35
762,[MVP+] Luszquinha,4266,268,8155,8393,2.36,0.48,4.67
763,[MVP+] SpookyLiqhtnin [ABUSE],4265,581,23236,11015,0.59,0.55,1.54
764,[MVP+] Agentix [NERDS],4263,546,22530,15165,1.18,0.86,4.35
765,[MVP+] CytaBlink [RMPGE],4263,417,18644,15129,4.16,1.08,13.84
766,[MVP+] StepDown [REVOLT],4260,544,17739,15339,1.80,0.78,6.81
767,[MVP+] mommyalt [S],4256,466,14767,13230,1.32,0.57,4.23
768,[MVP+] spookytryhxrd [TRYS],4254,399,15844,14537,1.51,0.60,4.77
769,[MVP+] Metality [SOS],4250,395,18264,17302,3.24,1.16,13.04
770,[MVP+] ohbuliq,4243,303,13939,13840,1.99,0.72,6.38
771,[MVP+] Apoca [SKEER],4242,438,12529,13084,1.19,0.47,3.43
772,[MVP+] HeathrowAirport,4242,392,16662,15248,2.82,1.04,10.81
773,[MVP+] Weblington,4241,373,11595,10795,2.29,0.65,5.82
774,[MVP+] TO0T,4238,377,11307,7673,2.50,0.63,4.65
775,[MVP+] nauxox [WIPE],4238,437,11114,8763,3.33,0.54,6.23
776,[MVP++] tyelar [S],4235,470,13815,11960,1.71,0.69,4.62
777,[MVP+] iMtOOfLIMZY [VIBES],4231,412,21339,24818,1.59,0.91,9.09
778,[MVP+] rantis10 [GRAPE],4231,268,8072,10046,2.94,0.44,6.56
779,[MVP+] Siderush [ANTI],4230,503,15677,16750,1.87,0.72,7.71
780,[MVP++] Floppella [FLOPELA],4219,584,10970,8805,2.32,0.44,4.80
781,[MVP++] Venetoh [ITALY],4218,427,19594,18043,1.90,0.80,8.78
782,[MVP+] Yarit [ΘREBLΘ],4211,221,4998,7514,5.52,0.47,8.53
783,[MVP+] HA_heathen002 [FAMILY],4210,736,18301,9014,0.52,0.46,1.13
784,[VIP] Dargy152 [FH],4209,197,7654,8848,4.67,0.54,9.24
785,[MVP+] Protocolist [KEK],4209,270,6771,10309,11.96,0.55,22.31
786,[MVP+] Rasheedo,4209,404,18831,13229,1.48,0.81,4.41
787,[MVP+] hjiyn [NANI],4203,363,13588,9009,1.33,0.45,3.09
788,[MVP+] TheName [HGF],4200,269,5493,7187,3.66,0.37,5.69
789,[MVP+] aiqt [IYN],4195,452,15781,12933,1.08,0.75,3.25
790,[MVP++] WilliamPlays [CAR],4184,484,21390,18414,1.06,1.30,4.99
791,[MVP++] War_MC [DAWN],4183,618,34777,15440,1.30,1.37,4.79
792,[MVP++] Teilars,4182,447,26154,15559,0.77,0.72,3.02
793,[MVP+] CEO_of_TOXIC [DEMON],4181,350,15094,12217,2.41,0.82,6.74
794,[MVP+] Alistel [GAMER],4176,461,17044,13248,2.06,0.88,6.98
795,[MVP+] xVqnom [SORE],4175,426,17933,12438,1.22,0.77,3.92
796,[MVP+] Amilleon [TURDLE],4174,342,9221,6484,2.27,0.72,3.62
797,[MVP+] cubitc [TLG],4174,457,15875,14286,1.70,0.74,6.04
799,[MVP+] illumnati [LIGHT],4173,428,10286,10563,1.28,0.46,3.30
800,[MVP+] MrTryHqrd,4173,526,28056,13862,0.64,0.67,2.16
801,[MVP++] 0_Palmer_0 [0P],4172,532,17282,11600,1.45,0.71,4.19
802,[MVP+] Reddjo [PURGA],4169,392,17049,16240,1.03,0.54,3.87
803,[MVP+] _Click2Win_,4168,303,11575,13913,1.60,0.56,5.78
804,[MVP+] Kimberlite [HEARTS],4167,429,32267,19339,1,0.95,5.40
805,[MVP++] vantuir,4163,319,8780,10454,2.86,0.47,7.55
806,[MVP++] cvtter [UTMOST],4162,251,10617,12527,4.58,0.59,12.54
807,[MVP+] ariistotle,4161,288,8305,7476,3.15,0.47,5.47
808,[MVP+] SpOoKy11matt [ABYSS],4161,259,7243,5714,2.11,0.39,2.93
809,[YOUTUBE] Elvisoo [NERDS],4157,568,27838,14783,1.58,1.29,6.56
810,BaseballTek [TSKS],4156,429,20069,16795,1.66,0.89,6.72
811,[MVP+] Shrouted,4156,449,31549,15522,0.95,1.13,4.24
812,[MVP+] Swqpping [UWU],4152,614,23702,15540,1.30,0.73,4.99
813,[MVP+] InSpiritNite,4152,341,11319,14070,2.62,0.73,9.30
814,[VIP+] Artist_4_Life [SCR],4150,233,5625,5682,3.94,0.46,4.84
815,[VIP+] iCes_ [KEK],4148,284,10513,13344,2.93,0.81,10.83
816,[MVP++] ttinooo [SLEEPY],4148,348,17173,9230,1.76,0.68,3.86
817,[MVP+] ChubbyHaxi [STORM],4141,448,13150,9714,1.91,0.51,4.70
818,[MVP+] xEmilie [TRAGEDY],4141,426,23481,13944,1.34,0.99,4.59
819,[MVP++] braddyyy [ICKY],4138,506,16876,11154,0.81,0.52,2.21
820,[MVP+] HAUNTED_BOY [IQ],4137,431,11399,6782,1.11,0.45,1.66
821,[MVP++] Jayderino [ANNOY],4134,320,10403,13153,3.36,0.66,11.00
822,[MVP+] Gun_Tish,4133,285,15552,12447,2.30,0.91,6.80
823,[MVP+] Lqxie [TRYHARD],4133,421,19202,11609,1.34,0.80,3.86
824,[MVP+] TheSpanishGuy7 [SOUTH],4131,553,18147,17967,1.06,1.06,4.98
825,[MVP+] demonUIRZ [FAZE],4128,369,10321,11554,1.01,0.49,3.61
826,[MVP+] Tankerson [BRIDGE],4127,371,21608,15269,2.04,0.92,8.00
827,[MOD] aaron1998ish [ΘREBLΘ],4127,543,21464,13999,1.55,1.38,5.12
828,[MVP++] Jay1117 [ENIGMA],4127,312,7982,8618,4.70,0.45,8.35
829,[MVP+] cchad [FAZE],4124,445,16156,15252,1.74,0.72,6.70
830,[MVP+] spookyStev [ＳＵＢ２ＭＥ],4117,472,17183,14788,1.78,0.88,6.37
831,[MVP+] rehk [ANNOY],4115,450,14477,11739,1.10,0.67,3.45
832,[MVP+] NutDu [ROCK],4115,424,17485,9064,1.22,0.67,2.82
833,[MVP++] Lcaf [FTI],4110,623,17885,14927,0.95,0.70,3.59
834,Trivaa,4110,469,16383,15546,1.88,1.10,7.25
835,[MVP+] JapaneseFlag [SWEAT],4105,299,13570,9545,2.41,0.73,5.45
836,Woxonandon [FALL],4103,894,54998,11354,0.53,1.49,1.48
837,[MVP+] DouyuTv_12345678 [RVNGRZ],4094,258,10881,13575,3.33,0.83,11.37
838,[MVP+] epicduck04 [ENIGMA],4093,507,16671,13840,1.55,0.74,5.37
839,[MVP+] Lionbailey [XD],4091,451,10918,6639,1.17,0.50,2.04
840,[MVP+] Mareio [GGMEN],4089,472,19353,15952,1.33,0.95,5.21
841,[MVP+] xChill [SKILL],4088,548,19060,8000,0.79,0.46,1.58
842,[MVP+] EternalPain [ANNOY],4086,365,8824,10869,4.09,0.69,11.42
843,[MVP++] GodLuna [NIGHT],4083,349,16442,10666,2.54,0.78,6.21
844,[MVP+] Sohber [FOO],4082,326,17754,16100,3.33,1.15,12.5
845,[MVP+] Digitization [GGMEN],4081,517,18356,17785,1.58,0.89,8.06
846,[MVP++] TheBridger,4078,350,12079,14405,2.21,0.59,7.55
847,[MVP++] SpookySznMel [ENIGMA],4077,419,19965,10696,3.00,1.89,7.54
848,[MVP+] Seakelp [IYN],4074,329,11098,12897,5.02,0.60,17.69
849,[MVP+] Dythe,4073,382,14956,9870,3.16,0.73,6.61
850,[VIP] PotatoSkills [REMIX],4072,410,13123,12923,3.00,0.81,9.45
851,[MVP++] Alixaa [LIX],4070,455,10398,7481,0.98,0.37,1.74
852,[MVP+] oSoudana [FEINT],4066,532,17479,10258,1.17,0.72,2.92
853,[MVP+] Kelseyyy [IYN],4064,211,6997,9553,5.07,0.64,10.94
854,[MVP+] purplified [WOKE],4060,417,12919,9451,1.47,0.59,3.52
855,[MVP+] Staraptor,4059,208,6982,12631,6.18,0.60,16.98
856,[MVP+] dabes [FAZE],4057,315,13133,13423,3.42,0.90,10.37
857,[MVP+] Tys3r,4056,219,7833,12824,6.47,0.65,17.81
858,[MVP++] samzi [QT],4051,379,23290,13647,1.70,1.20,5.39
859,[MVP+] sttapey,4049,321,13736,13072,2.22,0.72,7.17
860,[MVP++] elonely [FOO],4047,472,20856,12035,1.10,0.74,3.06
861,[MVP+] JustDrake_ [ITALY],4043,437,23612,16352,1.08,1.09,4.72
862,[MVP+] JanitorHudder [FAZE],4041,323,10002,10297,3.71,0.61,8.64
863,[MVP+] Lipsticks,4040,171,6039,8703,4.87,0.56,9.92
864,[VIP] mhmR3kt,4039,194,11664,13446,4.26,1.02,14.76
865,[MVP+] Empathism,4034,347,14691,14161,2.70,1.06,11.19
866,[VIP] Soundless [FAZE],4032,172,6709,11500,6.20,0.59,16.79
867,[MVP+] JustAntonio [BLOOD],4027,342,9537,18427,3.85,0.78,16.59
868,[VIP+] GymSharkAthlete [CPS],4027,375,28837,12944,1.79,0.98,5.58
869,[MVP+] Textualnut93 [ALLIED],4023,508,23410,15100,0.97,0.95,3.78
870,[MVP+] DoubleSub [RANKED],4020,366,14864,12033,1.69,0.85,5.43
871,[MVP+] MoonlitSoldier [SQINT],4018,450,23309,10466,1.03,0.71,2.83
872,[MVP+] LCTRL [GAME],4018,528,18536,17052,0.82,0.61,3.58
873,[MVP+] shuma181 [SKREIWA],4018,443,23781,15334,2.42,0.79,8.87
874,[MVP+] xClouTyy,4011,381,11835,10284,0.81,0.38,2.21
875,[VIP] idotkt [SHMILY],4009,363,17357,6323,2.17,0.61,3.15
876,[MVP+] Improvable,4009,195,10917,12906,4.30,0.78,13.18
877,[MVP+] AngelxPlays [LIGHT],4007,363,23406,14840,2.08,1.17,7.27
878,[MVP+] OhSalty,4005,351,16559,14168,1.74,0.72,5.74
879,[MVP++] OoShqdow [GGMEN],4002,423,17244,15507,2.63,0.94,9.60
880,NoticeMe [ΘREBLΘ],4000,352,8879,7090,1.70,0.40,2.89
881,[MVP++] co1004,3999,431,19444,12335,1.29,0.93,3.96
882,[MVP+] 0pped [GGMEN],3994,404,14489,11551,1.78,0.57,4.95
883,[MVP++] Q4ck [WINTER],3989,635,8553,5189,0.91,0.32,1.18
884,[MVP+] itzcqt_ [REKTGG],3988,280,10848,10267,1.98,0.47,5.16
885,[MVP+] TheKawaiHax [ASSIST],3988,430,13806,12978,1.70,0.54,5.30
886,[MVP+] Kawasaxi [INLOVE],3987,437,18054,12502,0.75,0.55,2.65
887,[MVP+] Lukaip [ANNOY],3985,260,9235,12725,6.14,0.81,19.49
888,GoogleUpdate [REMIX],3984,454,20729,16601,0.87,0.89,4.38
889,[MVP+] Snataa [LUNA],3981,319,12749,6603,1.34,0.43,2.37
890,[MVP+] Dankheart [ANNOY],3981,407,7858,10260,6.20,0.62,14.87
891,[MVP+] xmasSyd [ENIGMA],3981,448,18198,15133,1.46,0.78,5.49
892,[MVP+] Law5650 [CAKE14],3980,421,15516,6792,0.86,0.55,1.48
893,[MVP+] OpsUwU [ROCK],3977,529,14809,13240,1.53,0.50,4.67
894,[MVP] SUPERmelis [NOLIFE],3974,504,31734,17441,0.84,0.80,4.10
895,[MVP++] obsl [SIN],3974,332,11083,9623,3.29,0.83,7.67
896,[MVP+] OrangeRoyalty [RIVAL],3974,479,21278,15107,1.06,1.08,3.91
897,[MVP+] ilyRecal [DARK],3973,430,20907,17053,1.11,0.82,4.44
898,[MVP+] chimpster,3973,142,4347,11159,11.38,0.47,26.70
899,[MVP] OhTech [FORMAL],3973,408,15034,11785,1.09,0.58,3.06
900,[MVP+] MichaelFit [UTMOST],3973,278,10433,10440,4.46,0.82,12.20
901,[MVP+] ArohaTheDino [F],3970,344,10666,10197,2.45,0.53,5.86
902,[MVP++] oAston [LEAF],3970,472,16593,13677,2.80,0.86,12.23
903,[MVP+] Georging [FAZE],3968,349,10862,11846,3.06,0.65,9.42
904,[MVP+] 9Dani4 [ITAPRO],3966,490,21366,12571,1.49,0.90,5.45
905,[MVP+] iKowe [IYN],3966,236,9550,13101,5.21,0.90,16.00
906,[MVP+] BoosterGG [RATTY],3965,249,8200,11201,6.54,0.70,14.94
907,[MVP++] Prince_Andrew223 [YT],3960,533,25533,13517,1.10,0.80,3.70
908,[MVP+] Calcularity [MODUS],3958,437,14681,11709,1.30,0.84,4.52
909,[MVP+] Kanabayashi [LUCID],3958,384,17191,11470,2.10,1.11,6.32
910,[MVP+] 5harpy [FAZE],3958,276,13736,12398,3.85,1.21,11.57
911,[MVP+] voow [BLUE],3952,311,24856,10261,1.23,0.72,3.36
912,[MVP+] ArancinoG0D_ [ITAPRO],3949,496,34529,18137,0.83,1.33,3.86
913,[MVP+] Tundren [LIGH],3948,408,28220,17096,3.79,1.93,16.79
914,[MVP] MIRAG3 [IMMUNE],3945,312,22640,16778,4.28,1.72,17.07
915,[MVP+] ohNiko,3945,376,15720,9591,0.76,0.44,2.18
916,[MVP+] Xx_amasui69_Xx [ABYSS],3945,429,18084,13143,0.90,0.62,3.18
917,[MVP+] Reawakenings [STORM],3944,504,26964,17325,1.18,1.23,5.39
918,[MVP++] xLaylq [DUEL],3944,274,10479,11590,14.29,0.97,34.81
919,[MVP+] ImTra [GRAPE],3942,321,14147,12375,3.82,0.89,10.91
920,[MVP+] cinning [C],3939,465,11595,13053,1.33,0.46,4.82
921,[MVP+] Dalto12,3937,269,15614,17544,1.98,0.90,8.71
922,[MVP+] Aerondight [BLOOD],3937,254,8270,11800,15.44,0.96,41.40
923,[VIP] DoYouLoveMyName [VAPEGG],3936,320,18069,12920,1.44,0.82,4.92
924,[MVP+] Kctelyn [YEEHAW],3935,470,16351,9095,1.04,0.55,2.28
925,[MVP+] JabbaJordan [IYN],3935,277,11988,10795,2.55,0.69,7.39
926,[VIP] Zweite,3932,325,13834,14712,2.60,0.95,9.99
927,[MVP++] Velb [ＳＵＢ２ＭＥ],3932,481,17424,11902,0.68,0.52,2.05
928,[MVP+] Toshborn [YOAST],3931,478,18148,13893,1.46,0.79,4.75
929,[MVP+] eho [IYN],3931,256,11734,10520,4.64,0.66,13.22
930,[MVP++] Parfect [UH],3929,459,13327,12498,3.57,0.77,11.28
931,[MVP++] kayla47 [ERA],3928,458,21681,13302,0.81,0.60,2.91
932,Frity [LIGHT],3927,392,13446,11926,1.43,0.61,4.32
933,[MVP+] CatelynStark,3922,411,18299,11768,1.65,1.00,4.86
934,[MVP+] ilwe [ANNOY],3919,353,16637,13087,1.84,0.60,5.91
935,[MVP+] KittenNature [EBEAR],3916,310,7638,6434,1.98,0.46,3.29
936,[MVP++] Decembre [BLOOM],3913,331,13297,12768,4.26,0.80,12.32
937,[MVP+] ouching,3911,246,12841,11646,2.83,0.74,8.30
938,[MVP+] DestroyerODreams [FAZE],3907,390,18617,12185,1.60,0.95,5.13
939,[MVP++] Texco [FAZE],3906,406,11022,8971,2.77,0.54,5.77
940,[MVP+] abreast [DIYN],3905,215,6959,10546,5.28,0.54,14.18
941,[MVP+] Zador0k,3904,344,20307,16932,2.22,1.83,10.14
942,[MVP+] Awthony [HAVOC],3903,203,10735,11490,5.77,0.79,15.24
943,[VIP] Bawls,3901,216,6918,10222,3.05,0.52,7.17
944,[VIP] iRFP,3894,316,14562,13342,2.82,0.88,9.91
945,[MVP++] Stetto [ONION],3892,349,8430,5104,3.07,0.49,3.54
946,[MVP+] ObsidianBlocks [ΘREBLΘ],3891,443,17969,14472,1.60,0.70,5.84
947,[MVP+] Mairaly,3886,496,19120,12497,0.87,0.61,2.94
948,[MVP++] SaaaltyKing [LEGEND],3884,427,24055,17117,1.40,1.08,6.91
949,[MVP+] ItsOK [49],3882,412,15201,12964,1.24,0.69,4.90
950,[MVP+] Guexn,3880,411,17156,15026,1.21,0.67,5.59
951,pykid0407 [HAX],3877,366,21825,14733,0.98,0.78,3.74
952,[MVP] ChaseTheCheetah [HEAT],3873,486,29125,16568,2.08,1.28,8.68
953,[MVP+] Thereself [NORTH],3873,484,19797,18755,1.00,0.79,4.80
954,[MVP+] ilyDupERy,3869,351,11536,8999,1.36,0.72,2.93
955,[VIP] Pacificoo,3869,323,12270,10159,1.99,0.65,5.33
956,[MVP+] axhleigh [ENVY],3865,354,15805,10180,2.22,0.64,5.77
957,WeInThe6ix [CFOP],3864,425,17233,12475,1.39,0.66,4.41
958,[MVP+] Jamiika [ENIGMA],3863,353,18918,14929,1.11,0.75,4.70
959,[MVP+] Jueo,3862,395,12769,10026,1.92,0.79,5.22
960,[MVP++] AngelsCry [ANNOY],3862,517,13184,10855,0.96,0.49,2.66
961,[MVP+] 5th_Ender [ΘREBLΘ],3858,264,6643,9204,3.22,0.74,7.41
962,[MVP+] Mz_Hyde [SPOOKY],3853,567,16745,11498,1.46,0.86,4.23
963,[MVP+] DarkendSky [SCUM],3852,535,27025,18952,0.90,1.70,4.79
964,[MVP+] aychu,3852,471,14315,10430,1.05,0.55,2.93
965,[MVP+] MARVQL [FAZE],3851,342,20891,15347,1.74,1.03,6.96
966,[MVP++] Dragunda [DRAMON],3851,423,16830,7509,0.98,0.67,2.04
967,[MVP+] Ayan_,3848,353,14757,14445,1.82,0.93,8.36
968,[MVP++] Prettify [20CPS],3844,455,18203,6729,1.03,1.19,1.78
969,[MVP+] BlockBuilder345 [BEAST],3843,445,17027,13043,1.78,0.74,6.03
970,[MVP+] Imly [BRASIL],3842,428,13022,9796,2.42,0.74,6.01
971,[MVP++] xRyann_ [ŖĄЩŖ],3834,166,5371,11243,5.79,0.50,14.14
972,[VIP+] EaForZ [DARK],3825,391,10125,8326,1.37,0.41,3.34
973,[VIP] CalebSMC,3812,334,10890,10795,2.03,0.57,5.37
974,[MVP+] Type4k,3810,361,17172,15430,3.86,1.58,16.36
975,[VIP] JustLoveTW [L],3808,382,15026,11094,1.25,0.84,3.72
976,[MVP+] CoolCatZ71 [PUPPET],3807,527,23285,12568,1.43,1.23,4.62
977,[MVP+] Itzchwy [WIPE],3807,450,21200,12203,1.67,0.90,5.24
978,[MVP+] Samwy [ICKY],3807,529,11939,14613,1.57,0.81,6.10
979,[MVP++] ValleyDew [NIHIL],3806,405,18661,13294,3.80,1.50,13.64
980,[MVP+] OhDaija [DEAD],3805,531,18665,12804,0.84,0.84,2.84
981,[MVP++] Microsoft_Office [WAVY],3805,327,13346,12346,3.21,0.81,10.50
982,[MVP+] Hqshcode [VIBES],3805,411,12614,12104,1.36,0.58,4.41
983,[MVP+] DeadlyPeachy [GIGGLE],3802,415,12398,5204,2.09,0.88,2.74
984,[MVP+] Couches,3802,142,4962,9642,7.26,0.54,14.20
985,[MVP+] zeoru,3801,245,9341,8826,5.35,0.58,12.72
986,[MVP++] OPPIGG [STAR],3801,551,27090,13888,0.60,0.70,2.20
987,[MVP+] xStaf [ALLIED],3798,310,10099,11825,7.13,0.82,21.15
988,[MVP+] peliz [F],3798,381,10902,10426,2.26,0.61,6.27
989,[MVP++] Triggered [NATION],3796,404,13736,11467,1.49,0.69,4.64
990,[MVP+] Aquaa [ONION],3795,320,9573,7489,3.25,0.47,5.76
991,[MVP+] oOBetaOo [ITALY],3793,405,20960,13767,1.31,0.93,4.95
992,[MVP+] Weaselify [ΘREBLΘ],3791,382,15972,13620,1.79,0.74,6.29
993,[MVP++] nothqppi [LIX],3791,444,17244,10837,1.06,0.51,3.22
994,[MVP++] SpookyLuca [BLUE],3790,475,23850,18531,0.72,0.64,3.44
995,TheOgeid [ITAWAR],3783,468,35106,15977,0.78,0.88,3.25
996,[VIP+] Shiftayyy [FROG],3782,370,18091,10769,1.88,0.63,5.62
997,[MVP++] Surth [CON],3782,311,13552,13062,2.38,0.80,8.28
998,[VIP] Whatis [NATION],3780,342,23342,12724,1.04,0.78,3.58
999,[MVP+] PringlesLover69 [UTMOST],3779,227,3462,10138,22.77,0.34,48.51
1000,[MVP+] ChubbyLars [STORM],3779,310,6189,10514,9.40,0.62,26.29
