Id, K, D, K/D, FK, FD, FK/D, W, L, W/L, Beds Broken
1,17,55,0.31,36,6,6,9,7,1.29,39
2,600,855,0.70,738,124,5.95,233,133,1.75,842
3,5043,4363,1.16,7519,299,25.15,1873,322,5.82,7736
4,2918,2373,1.23,3027,442,6.85,679,469,1.45,3246
5,939,999,0.94,1296,153,8.47,358,171,2.09,1344
6,4737,5547,0.85,4173,729,5.72,937,846,1.11,4367
7,5101,5852,0.87,6843,464,14.75,1738,488,3.56,6939
8,103,371,0.28,81,93,0.87,16,100,0.16,155
9,1064,898,1.18,1527,83,18.40,381,108,3.53,1579
10,831,903,0.92,1401,66,21.23,343,97,3.54,1477
11,26,4,6.5,13,3,4.33,3,3,1,9
12,1503,2111,0.71,2482,178,13.94,639,193,3.31,2678
13,48890,24430,2.00,55712,1380,40.37,13988,1507,9.28,56498
14,4269,4881,0.87,3018,1100,2.74,635,1287,0.49,3658
15,1118,2341,0.48,1888,356,5.30,389,403,0.97,2222
16,1164,2092,0.56,753,351,2.15,197,391,0.50,930
17,56,84,0.67,88,7,12.57,24,7,3.43,97
18,649,1070,0.61,706,106,6.66,161,134,1.20,793
19,4781,5543,0.86,5215,1019,5.12,1204,1312,0.92,6001
20,503,155,3.25,125,27,4.63,28,34,0.82,151
21,182,265,0.69,254,48,5.29,58,59,0.98,278
22,3855,6411,0.60,6006,666,9.02,1554,790,1.97,6565
23,839,1534,0.55,855,230,3.72,177,423,0.42,1012
24,1506,1569,0.96,919,346,2.66,212,376,0.56,1106
25,1587,1391,1.14,1152,201,5.73,297,228,1.30,1205
26,4736,6894,0.69,4262,1959,2.18,753,2151,0.35,5106
27,836,676,1.24,914,69,13.25,239,92,2.60,926
28,5083,991,5.13,2576,179,14.39,697,242,2.88,2687
29,2064,2283,0.90,2415,413,5.85,592,476,1.24,2693
30,4129,4816,0.86,5250,487,10.78,1294,513,2.52,5395
31,2771,3356,0.83,3078,406,7.58,699,438,1.60,3469
32,781,838,0.93,1443,39,37,342,61,5.61,1498
33,2223,2233,1.00,1658,302,5.49,439,340,1.29,1722
34,4737,3299,1.44,5961,696,8.56,1473,740,1.99,6230
35,7930,9736,0.81,6775,1662,4.08,1311,2474,0.53,7885
36,1821,2666,0.68,2540,224,11.34,607,268,2.26,2739
37,884,352,2.51,669,104,6.43,128,133,0.96,742
38,3509,4885,0.72,1713,1782,0.96,532,1828,0.29,2416
39,1057,900,1.17,622,74,8.41,163,85,1.92,686
40,133,244,0.55,172,29,5.93,44,32,1.38,178
41,324,409,0.79,607,31,19.58,161,53,3.04,654
42,14407,12482,1.15,15481,668,23.18,4052,826,4.91,15282
43,145,75,1.93,51,15,3.4,19,17,1.12,65
44,510,759,0.67,468,127,3.69,112,141,0.79,544
45,4867,5460,0.89,5032,430,11.70,1364,513,2.66,5151
46,1966,2645,0.74,1787,383,4.67,423,420,1.01,2094
47,344,529,0.65,381,61,6.25,99,73,1.36,412
48,421,507,0.83,444,43,10.33,105,72,1.46,467
49,2822,2298,1.23,3553,27,131.59,953,31,30.74,3420
50,714,1221,0.58,562,390,1.44,117,474,0.25,760
51,2790,2172,1.28,3543,215,16.48,948,228,4.16,3421
52,1014,1551,0.65,920,144,6.39,228,204,1.12,1008
53,287,375,0.77,135,116,1.16,31,141,0.22,162
54,273,513,0.53,290,83,3.49,89,85,1.05,354
55,1631,1797,0.91,1976,290,6.81,477,318,1.5,2234
56,3550,6019,0.59,3722,1095,3.40,798,1235,0.65,4715
57,2845,951,2.99,1517,110,13.79,419,140,2.99,1634
58,5822,6971,0.84,6010,1078,5.58,1427,1203,1.19,6668
59,542,623,0.87,839,87,9.64,184,89,2.07,947
60,1726,2535,0.68,3651,202,18.07,846,226,3.74,3851
61,84,139,0.60,53,29,1.83,17,37,0.46,71
62,1435,1809,0.79,1456,168,8.67,399,195,2.05,1570
63,1129,1471,0.77,1171,167,7.01,256,217,1.18,1285
64,3035,2588,1.17,3079,185,16.64,817,193,4.23,2992
65,440,406,1.08,404,98,4.12,73,120,0.61,457
66,504,279,1.81,548,5,109.6,101,8,12.63,553
67,124,217,0.57,107,44,2.43,21,56,0.38,137
68,88,100,0.88,86,21,4.10,20,23,0.87,108
69,576,1015,0.57,388,177,2.19,88,202,0.44,464
70,4683,5960,0.79,3520,814,4.32,896,900,1.00,3817
71,399,620,0.64,260,76,3.42,66,108,0.61,300
72,6181,5462,1.13,7134,571,12.49,1625,601,2.70,7532
73,1764,2161,0.82,2102,317,6.63,477,396,1.20,2265
74,4064,4809,0.85,3191,626,5.10,807,679,1.19,3409
75,123,185,0.66,62,22,2.82,16,32,0.5,79
76,3593,2847,1.26,2911,366,7.95,713,434,1.64,3096
77,250,164,1.52,142,24,5.92,40,25,1.6,159
78,84,43,1.95,18,12,1.5,4,29,0.14,36
79,104,37,2.81,15,4,3.75,4,8,0.5,14
80,243,357,0.68,539,4,134.75,148,5,29.6,534
81,46,95,0.48,119,16,7.44,27,18,1.5,118
82,208,462,0.45,316,77,4.10,71,92,0.77,372
83,5641,7822,0.72,11102,1605,6.92,2337,1823,1.28,12259
84,77,82,0.94,107,8,13.38,27,9,3,115
85,607,572,1.06,342,140,2.44,68,186,0.37,388
86,551,493,1.12,500,107,4.67,114,163,0.70,605
87,2691,1918,1.40,2738,189,14.49,742,194,3.82,2821
88,5855,9433,0.62,6394,1412,4.53,1582,1619,0.98,7463
89,16861,12782,1.32,17805,1014,17.56,4914,1199,4.10,17639
90,15290,14970,1.02,10211,1998,5.11,2856,2145,1.33,10753
91,5163,5494,0.94,5128,995,5.15,1127,1116,1.01,5832
92,1979,5295,0.37,2387,1399,1.71,433,1488,0.29,3305
93,706,627,1.13,534,170,3.14,113,185,0.61,622
94,628,668,0.94,644,116,5.55,135,138,0.98,695
95,6735,5916,1.14,4573,681,6.72,1381,701,1.97,4818
96,175,217,0.81,308,18,17.11,71,21,3.38,346
97,5545,5078,1.09,5287,832,6.35,1324,906,1.46,5351
98,1192,1142,1.04,1155,229,5.04,322,240,1.34,1251
99,5394,6460,0.83,2762,1843,1.50,537,2111,0.25,3303
100,4417,6355,0.70,4102,1213,3.38,899,1385,0.65,4800
101,9237,8227,1.12,6368,1240,5.14,1713,1436,1.19,6847
102,633,677,0.94,868,56,15.5,202,63,3.21,941
103,1349,1446,0.93,1537,251,6.12,338,287,1.18,1706
104,1497,1848,0.81,1397,311,4.49,350,371,0.94,1587
105,3801,2286,1.66,4542,298,15.24,1076,443,2.43,4750
106,513,477,1.08,66,144,0.46,34,178,0.19,167
107,2649,3180,0.83,2549,557,4.58,562,729,0.77,2922
108,9771,13733,0.71,10210,1169,8.73,2649,1469,1.80,10820
109,763,1670,0.46,842,358,2.35,153,433,0.35,1118
110,3475,6520,0.53,5151,677,7.61,1279,774,1.65,5599
111,1599,1586,1.01,2083,224,9.30,442,251,1.76,2286
112,1019,1422,0.72,1106,148,7.47,252,177,1.42,1238
113,4275,3961,1.08,4877,946,5.16,1108,1030,1.08,5470
114,134,396,0.34,70,71,0.99,14,86,0.16,98
115,7808,2254,3.46,5651,524,10.78,1340,590,2.27,5999
116,2115,556,3.80,905,88,10.28,216,98,2.20,1002
117,2643,3327,0.79,2597,511,5.08,735,645,1.14,3122
118,1480,1613,0.92,1821,583,3.12,296,787,0.38,2437
119,7951,6643,1.20,8090,1068,7.57,1684,1303,1.29,8660
120,6,15,0.4,3,8,0.38,0,11,0,7
121,1006,1402,0.72,1161,115,10.10,329,140,2.35,1251
122,12421,11150,1.11,13700,2062,6.64,3498,2378,1.47,14890
123,1172,1637,0.72,1475,160,9.22,384,224,1.71,1584
124,458,875,0.52,617,132,4.67,144,173,0.83,718
125,485,524,0.93,500,72,6.94,127,79,1.61,548
126,801,923,0.87,695,137,5.07,155,155,1,840
127,931,913,1.02,729,83,8.78,186,90,2.07,806
128,1488,1565,0.95,1941,155,12.52,496,176,2.82,2161
129,278,385,0.72,261,75,3.48,58,82,0.71,340
130,189,280,0.68,136,47,2.89,34,58,0.59,169
131,1086,663,1.64,941,170,5.54,205,182,1.13,1030
132,1720,1857,0.93,1722,302,5.70,414,346,1.20,1938
133,2017,2718,0.74,1595,442,3.61,286,545,0.52,1904
134,1346,2635,0.51,1258,513,2.45,264,534,0.49,1634
135,190,448,0.42,160,102,1.57,31,136,0.23,238
136,195,306,0.64,287,61,4.70,66,70,0.94,319
137,552,866,0.64,420,141,2.98,122,157,0.78,542
138,1111,1005,1.11,921,105,8.77,249,123,2.02,998
139,331,650,0.51,212,136,1.56,44,170,0.26,270
140,5238,6403,0.82,4393,919,4.78,1016,1018,1.00,4741
141,1123,1037,1.08,945,226,4.18,209,239,0.87,1044
142,5405,5672,0.95,2657,1220,2.18,662,1303,0.51,3034
143,52,99,0.53,54,18,3,16,21,0.76,60
144,441,513,0.86,677,65,10.42,165,75,2.2,733
145,11871,8378,1.42,14651,2169,6.75,3263,2313,1.41,15130
146,3617,5565,0.65,4117,343,12.00,1034,428,2.42,4383
147,507,836,0.61,365,186,1.96,79,220,0.36,470
148,125,69,1.81,73,18,4.06,16,24,0.67,82
149,1422,1474,0.96,1308,100,13.08,335,114,2.94,1384
150,279,213,1.31,447,29,15.41,99,35,2.83,476
151,462,819,0.56,690,104,6.63,150,137,1.09,786
152,271,556,0.49,255,128,1.99,44,190,0.23,323
153,0,1,0,0,1,0,0,1,0,0
154,652,642,1.02,294,92,3.20,74,116,0.64,380
155,2439,2092,1.17,2658,326,8.15,710,410,1.73,2830
156,181,210,0.86,95,36,2.64,20,43,0.47,92
157,8219,6215,1.32,11043,272,40.60,2839,288,9.86,11139
158,869,1905,0.46,826,379,2.18,184,428,0.43,1075
159,4018,4189,0.96,3492,872,4.00,834,1034,0.81,3950
160,1248,1376,0.91,840,334,2.51,167,374,0.45,980
161,499,811,0.62,421,113,3.73,114,123,0.93,476
162,1546,1869,0.83,1680,316,5.32,429,348,1.23,1890
163,4460,4907,0.91,3582,991,3.61,830,1599,0.52,4007
164,1999,4568,0.44,1813,860,2.11,379,945,0.40,2336
165,715,762,0.94,1042,80,13.03,240,95,2.53,1181
166,743,1344,0.55,625,166,3.77,158,171,0.92,702
167,1459,1501,0.97,1493,193,7.74,333,237,1.41,1603
168,1200,1922,0.62,731,467,1.57,149,538,0.28,976
169,2289,837,2.73,1743,130,13.41,422,148,2.85,1846
170,5620,6926,0.81,4753,1303,3.65,1164,1444,0.81,5515
171,201,283,0.71,157,70,2.24,37,76,0.49,202
172,417,534,0.78,393,80,4.91,121,107,1.13,379
173,246,372,0.66,267,61,4.38,68,73,0.93,299
174,1926,2982,0.65,1973,441,4.47,447,540,0.83,2244
175,2381,4582,0.52,2651,892,2.97,570,1053,0.54,3181
176,2714,4525,0.60,2146,827,2.59,485,849,0.57,2589
177,37,87,0.43,28,13,2.15,6,18,0.33,30
178,411,273,1.51,559,31,18.03,127,44,2.89,613
179,1291,1193,1.08,1563,206,7.59,370,296,1.25,1731
180,353,375,0.94,480,24,20,122,29,4.21,515
181,3066,5738,0.53,2944,755,3.90,698,1054,0.66,3562
182,2214,3313,0.67,1754,614,2.86,414,665,0.62,2211
183,89,183,0.49,103,14,7.36,29,17,1.71,133
184,4024,4380,0.92,5237,523,10.01,1281,554,2.31,5468
185,184,354,0.52,132,75,1.76,25,86,0.29,162
186,769,1131,0.68,1002,88,11.39,239,133,1.80,1053
187,2706,3228,0.84,3056,322,9.49,782,441,1.77,3228
188,87,150,0.58,50,42,1.19,12,48,0.25,71
189,1050,1269,0.83,1021,377,2.71,192,423,0.45,1229
190,2563,2217,1.16,2155,372,5.79,578,387,1.49,2380
191,81,138,0.59,127,18,7.06,31,25,1.24,150
192,1731,2989,0.58,2433,603,4.03,623,631,0.99,2981
193,348,356,0.98,571,19,30.05,112,25,4.48,604
194,730,1131,0.65,608,226,2.69,126,263,0.48,742
195,562,758,0.74,578,137,4.22,157,163,0.96,643
196,3488,2785,1.25,3360,89,37.75,951,94,10.12,3389
197,917,888,1.03,1030,182,5.66,270,196,1.38,1111
198,16134,16343,0.99,17916,1258,14.24,4842,1706,2.84,18492
199,7085,6365,1.11,6200,562,11.03,1888,674,2.80,6533
200,635,1229,0.52,600,343,1.75,161,354,0.45,833
201,2124,3297,0.64,1964,638,3.08,494,672,0.74,2279
202,583,782,0.75,489,151,3.24,95,167,0.57,605
203,2816,3524,0.80,4131,299,13.82,945,361,2.62,4445
204,887,1262,0.70,1510,141,10.71,337,178,1.89,1654
205,6608,5508,1.20,8008,1020,7.85,1892,1051,1.80,8504
206,4188,3769,1.11,3302,302,10.93,849,337,2.52,3472
207,505,323,1.56,748,89,8.40,163,93,1.75,795
208,2272,4947,0.46,1567,1377,1.14,196,1554,0.13,2230
209,495,1389,0.36,289,327,0.88,40,415,0.10,446
210,17,23,0.74,7,9,0.78,2,10,0.2,6
211,5125,7754,0.66,6355,773,8.22,1676,938,1.79,7070
212,1673,2762,0.61,1063,597,1.78,168,848,0.20,1521
213,3207,1811,1.77,1350,590,2.29,330,654,0.50,1542
214,304,573,0.53,292,88,3.32,66,103,0.64,373
215,1744,4413,0.40,2420,465,5.20,579,609,0.95,2983
216,670,2004,0.33,629,318,1.98,184,360,0.51,852
217,1125,1249,0.90,771,354,2.18,182,392,0.46,951
218,2263,1976,1.15,747,493,1.52,112,615,0.18,912
219,60,130,0.46,50,31,1.61,12,32,0.38,61
220,1115,1246,0.89,1051,110,9.55,290,119,2.44,1088
221,659,1325,0.50,323,216,1.50,56,294,0.19,482
222,1748,887,1.97,1237,216,5.73,843,211,4.00,1366
223,2060,2632,0.78,2848,322,8.84,585,375,1.56,3112
224,2017,1621,1.24,1743,136,12.82,465,174,2.67,1765
225,946,2857,0.33,1142,996,1.15,204,1086,0.19,2007
226,1067,1148,0.93,651,252,2.58,147,313,0.47,780
227,2214,1899,1.17,2692,305,8.83,605,468,1.29,2936
228,9616,11182,0.86,10292,1468,7.01,2518,1584,1.59,10917
229,140,218,0.64,125,59,2.12,28,63,0.44,154
230,610,1274,0.48,998,291,3.43,281,375,0.75,1232
231,54,38,1.42,31,8,3.88,11,9,1.22,38
232,1134,371,3.06,130,80,1.63,33,115,0.29,145
233,13525,8933,1.51,13111,597,21.96,3849,660,5.83,13001
234,1854,1247,1.49,2004,263,7.62,471,276,1.71,2107
235,2470,2864,0.86,2514,863,2.91,519,924,0.56,3160
236,2780,4903,0.57,1750,1082,1.62,426,1164,0.37,2323
237,1259,1717,0.73,1135,231,4.91,244,301,0.81,1232
238,1115,1621,0.69,895,261,3.43,194,314,0.62,1017
239,530,513,1.03,478,81,5.90,126,85,1.48,531
240,169,344,0.49,66,81,0.81,12,93,0.13,114
241,1825,2799,0.65,2083,444,4.69,432,564,0.77,2397
242,185,240,0.77,176,56,3.14,46,64,0.72,222
243,8022,3700,2.17,6674,784,8.51,1503,1073,1.40,7037
244,1723,2475,0.70,1161,412,2.82,289,447,0.65,1409
245,233,538,0.43,205,136,1.51,50,161,0.31,292
246,284,283,1.00,277,55,5.04,60,70,0.86,323
247,384,542,0.71,292,161,1.81,78,164,0.48,372
248,413,333,1.24,370,48,7.71,91,53,1.72,408
249,5735,5672,1.01,4508,1013,4.45,1249,1433,0.87,5064
250,2511,3428,0.73,2127,696,3.06,376,1044,0.36,2499
251,1515,1170,1.29,1555,143,10.87,388,179,2.17,1673
252,779,1156,0.67,924,226,4.09,151,245,0.62,1103
253,1706,2496,0.68,1192,642,1.86,195,732,0.27,1624
254,40,87,0.46,31,11,2.82,10,12,0.83,39
255,1574,1797,0.88,1754,334,5.25,413,374,1.10,2055
256,656,817,0.80,463,162,2.86,75,462,0.16,625
257,804,788,1.02,873,84,10.39,339,199,1.70,1120
258,2554,2617,0.98,2488,360,6.91,649,365,1.78,2694
259,1033,349,2.96,163,78,2.09,36,94,0.38,227
260,810,1020,0.79,1007,225,4.48,229,262,0.87,1202
261,179,299,0.60,192,37,5.19,46,40,1.15,230
262,4628,5720,0.81,3245,1448,2.24,664,1663,0.40,3840
263,1589,2210,0.72,1234,455,2.71,206,533,0.39,1519
264,18087,15676,1.15,23464,1365,17.19,5716,1459,3.92,24464
265,223,442,0.50,208,71,2.93,48,102,0.47,263
266,3431,3591,0.96,2914,384,7.59,705,443,1.59,3217
267,16704,21633,0.77,18981,2640,7.19,5012,2776,1.81,20618
268,245,273,0.90,113,68,1.66,28,76,0.37,144
269,1606,655,2.45,1492,151,9.88,423,155,2.73,1558
270,544,716,0.76,608,69,8.81,143,94,1.52,692
271,415,572,0.73,319,147,2.17,65,156,0.42,395
272,226,225,1.00,223,44,5.07,55,52,1.06,268
273,807,1703,0.47,358,300,1.19,86,378,0.23,561
274,1025,193,5.31,130,29,4.48,32,33,0.97,139
275,229,379,0.60,228,56,4.07,63,60,1.05,234
276,1999,2063,0.97,1392,365,3.81,342,416,0.82,1601
277,2998,4922,0.61,3034,1264,2.40,708,1353,0.52,3867
278,7329,12580,0.58,4323,2678,1.61,1000,2752,0.36,5500
279,471,422,1.12,371,67,5.54,105,72,1.46,396
280,446,867,0.51,504,120,4.2,127,162,0.78,606
281,822,1242,0.66,672,301,2.23,153,337,0.45,862
282,360,984,0.37,213,212,1.00,51,331,0.15,326
283,5222,7737,0.67,5104,1596,3.20,1054,1726,0.61,5910
284,365,338,1.08,194,38,5.11,47,46,1.02,236
285,363,795,0.46,246,158,1.56,53,151,0.35,320
286,269,782,0.34,316,221,1.43,58,309,0.19,453
287,814,469,1.74,1116,20,55.8,343,40,8.58,1045
288,1565,2366,0.66,2101,201,10.45,477,245,1.95,2310
289,528,549,0.96,672,73,9.21,167,79,2.11,721
290,97,202,0.48,31,53,0.58,8,69,0.12,34
291,3740,5170,0.72,2184,898,2.43,515,1301,0.40,2537
292,501,643,0.78,480,82,5.85,124,123,1.01,548
293,4798,3405,1.41,4109,1322,3.11,725,1352,0.54,4770
294,18104,12489,1.45,17857,1650,10.82,4515,2042,2.21,18369
295,187,552,0.34,265,114,2.32,68,143,0.48,327
296,70,123,0.57,78,28,2.79,10,34,0.29,101
297,533,1476,0.36,722,244,2.96,141,336,0.42,995
298,641,936,0.68,1251,63,19.86,286,60,4.77,1299
299,259,416,0.62,174,67,2.60,45,78,0.58,216
300,21,41,0.51,12,19,0.63,3,23,0.13,20
301,1216,1566,0.78,909,242,3.76,224,261,0.86,957
302,570,1402,0.41,781,130,6.01,150,459,0.33,946
303,361,289,1.25,376,39,9.64,91,45,2.02,422
304,2851,3381,0.84,2821,488,5.78,675,547,1.23,3268
305,828,1044,0.79,799,138,5.79,205,143,1.43,884
306,783,913,0.86,917,215,4.27,263,281,0.94,1036
307,307,824,0.37,286,155,1.85,67,277,0.24,394
308,2696,4067,0.66,2415,1283,1.88,421,1368,0.31,3109
309,591,628,0.94,651,73,8.92,138,77,1.79,726
310,536,727,0.74,598,133,4.50,134,154,0.87,654
311,125,134,0.93,58,30,1.93,19,35,0.54,67
312,11321,7082,1.60,15148,824,18.38,3116,1029,3.03,16212
313,853,2221,0.38,785,501,1.57,189,617,0.31,1150
314,4774,3647,1.31,3894,702,5.55,870,770,1.13,4212
315,642,465,1.38,542,24,22.58,137,60,2.28,524
316,26,43,0.60,37,9,4.11,8,11,0.73,39
317,1385,950,1.46,1353,199,6.80,327,214,1.53,1524
318,478,1211,0.39,494,255,1.94,108,295,0.37,713
319,633,1138,0.56,610,161,3.79,138,206,0.67,724
320,586,1005,0.58,524,128,4.09,129,170,0.76,614
321,2776,3521,0.79,1696,1002,1.69,339,1056,0.32,2012
322,1467,1860,0.79,915,390,2.35,200,418,0.48,1078
323,27,69,0.39,31,10,3.1,11,10,1.1,46
324,705,963,0.73,1034,303,3.41,184,477,0.39,1337
325,241,327,0.74,238,38,6.26,62,41,1.51,266
326,244,452,0.54,210,132,1.59,44,137,0.32,261
327,382,842,0.45,353,130,2.72,103,144,0.72,440
328,8923,10189,0.88,8227,1738,4.73,1841,1961,0.94,8897
329,731,907,0.81,693,112,6.19,191,133,1.44,745
330,799,816,0.98,908,46,19.74,232,60,3.87,907
331,977,750,1.30,676,135,5.01,160,173,0.92,686
332,427,694,0.62,447,161,2.78,107,182,0.59,549
333,1429,1728,0.83,1176,381,3.09,244,439,0.56,1436
334,459,1122,0.41,434,207,2.10,101,263,0.38,597
335,3182,5167,0.62,2301,1445,1.59,445,1560,0.29,3213
336,67,202,0.33,91,35,2.6,15,42,0.36,134
337,888,1557,0.57,786,604,1.30,163,617,0.26,1391
338,839,1050,0.80,574,235,2.44,131,246,0.53,734
339,5,10,0.5,8,2,4,1,3,0.33,9
340,378,497,0.76,635,69,9.20,126,87,1.45,679
341,2336,2997,0.78,2619,441,5.94,655,508,1.29,2856
342,14202,15200,0.93,15835,2238,7.08,3361,3471,0.97,17376
343,1132,1563,0.72,1170,376,3.11,224,434,0.52,1415
344,4355,4125,1.06,4278,555,7.71,1197,599,2.00,4617
345,1051,2314,0.45,759,726,1.05,114,1212,0.09,1129
346,793,1707,0.46,1029,269,3.83,213,364,0.59,1359
347,121,162,0.75,64,51,1.25,20,63,0.32,75
348,1294,1842,0.70,1290,207,6.23,326,219,1.49,1368
349,59,147,0.40,109,18,6.06,34,32,1.06,104
350,3795,6862,0.55,3908,1122,3.48,799,1301,0.61,4555
351,1945,1987,0.98,1693,384,4.41,368,408,0.90,1880
352,10001,8205,1.22,9326,1002,9.31,2297,1461,1.57,9663
353,9747,7282,1.34,6871,805,8.54,2009,864,2.33,7067
354,3138,1917,1.64,2238,225,9.95,616,254,2.43,2309
355,461,531,0.87,504,109,4.62,109,122,0.89,554
356,1606,1475,1.09,1506,210,7.17,374,256,1.46,1547
357,9814,7080,1.39,10994,981,11.21,2627,1240,2.12,11660
358,141,160,0.88,60,64,0.94,13,70,0.19,94
359,1534,1476,1.04,965,158,6.11,233,204,1.14,1155
360,684,1194,0.57,542,280,1.94,104,309,0.34,759
361,655,670,0.98,664,93,7.14,152,104,1.46,713
362,5355,4063,1.32,4027,1018,3.96,1065,1018,1.05,4212
363,943,1607,0.59,701,182,3.85,163,319,0.51,864
364,1019,877,1.16,615,176,3.49,152,215,0.71,689
365,2798,2099,1.33,2899,68,42.63,762,70,10.89,3027
366,1415,1790,0.79,1085,404,2.69,277,441,0.63,1302
367,1454,1916,0.76,1264,303,4.17,330,323,1.02,1378
368,632,856,0.74,492,113,4.35,125,135,0.93,551
369,1228,1840,0.67,1105,380,2.91,245,419,0.58,1306
370,54,147,0.37,51,31,1.65,10,35,0.29,77
371,2848,4524,0.63,3365,851,3.95,796,967,0.82,3913
372,500,644,0.78,562,89,6.31,138,92,1.5,642
373,1608,2344,0.69,1069,430,2.49,215,487,0.44,1221
374,155,218,0.71,102,41,2.49,23,64,0.36,113
375,449,406,1.11,398,50,7.96,102,59,1.73,421
376,3712,5912,0.63,4082,1380,2.96,836,1824,0.46,5389
377,544,372,1.46,895,49,18.27,195,77,2.53,936
378,38,76,0.5,49,12,4.08,12,22,0.55,65
379,652,531,1.23,505,102,4.95,128,110,1.16,542
380,4711,3728,1.26,2481,887,2.80,614,978,0.63,2619
381,2929,4018,0.73,3036,601,5.05,631,778,0.81,3470
382,733,2446,0.30,692,404,1.71,144,603,0.24,1045
383,1370,1560,0.88,1270,272,4.67,292,283,1.03,1371
384,4700,4670,1.01,4535,590,7.69,1110,713,1.56,4868
385,2322,3925,0.59,1881,814,2.31,388,1048,0.37,2463
386,166,215,0.77,124,40,3.1,39,47,0.83,131
387,401,594,0.68,172,72,2.39,34,101,0.34,200
388,104,139,0.75,104,25,4.16,30,30,1,128
389,433,508,0.85,426,68,6.26,107,82,1.30,437
390,1195,1174,1.02,681,155,4.39,185,226,0.82,763
391,427,160,2.67,387,46,8.41,92,56,1.64,436
392,1832,2505,0.73,1421,439,3.24,363,495,0.73,1588
393,905,1291,0.70,599,278,2.15,129,333,0.39,770
394,132,153,0.86,73,24,3.04,21,32,0.66,79
395,142,182,0.78,94,33,2.85,20,40,0.5,98
396,227,456,0.50,202,97,2.08,52,113,0.46,266
397,79,189,0.42,105,51,2.06,21,58,0.36,112
398,97,87,1.11,88,14,6.29,21,20,1.05,102
399,123,324,0.38,44,50,0.88,8,62,0.13,60
400,1372,2697,0.51,1291,531,2.43,264,719,0.37,1532
401,100,99,1.01,70,38,1.84,16,41,0.39,86
402,4711,5543,0.85,4389,1047,4.19,990,1282,0.77,5133
403,1416,2012,0.70,1371,380,3.61,319,385,0.83,1591
404,3929,6334,0.62,2673,1105,2.42,553,1179,0.47,3290
405,4067,5924,0.69,3258,1093,2.98,740,1244,0.59,3891
406,7,24,0.29,27,1,27,6,4,1.5,35
407,12307,8024,1.53,11459,755,15.18,3396,769,4.42,11783
408,2580,2554,1.01,2359,723,3.26,475,788,0.60,2764
409,231,276,0.84,147,83,1.77,33,104,0.32,184
410,6289,7715,0.82,5464,1274,4.29,1467,1332,1.10,6494
411,1127,1538,0.73,1037,228,4.55,230,326,0.71,1329
412,3094,5717,0.54,3304,1578,2.09,572,1706,0.34,4597
413,536,907,0.59,480,134,3.58,113,146,0.77,577
414,156,283,0.55,163,33,4.94,40,34,1.18,191
415,753,1219,0.62,763,164,4.65,187,201,0.93,833
416,3843,3792,1.01,3587,929,3.86,852,1015,0.84,4033
417,89,112,0.79,49,33,1.48,12,33,0.36,57
418,2182,2713,0.80,1589,529,3.00,333,551,0.60,1839
419,5200,4143,1.26,2042,1244,1.64,443,1419,0.31,2666
420,266,299,0.89,355,35,10.14,81,41,1.98,387
421,494,679,0.73,707,69,10.25,188,77,2.44,756
422,561,671,0.84,600,143,4.20,128,150,0.85,715
423,769,1343,0.57,324,496,0.65,73,577,0.13,604
424,78,159,0.49,33,33,1,13,37,0.35,45
425,791,273,2.90,324,69,4.70,85,81,1.05,346
426,1307,1008,1.30,1322,227,5.82,318,261,1.22,1493
427,341,239,1.43,384,21,18.29,87,29,3,408
428,72,94,0.77,41,32,1.28,10,33,0.30,53
429,120,248,0.48,92,65,1.42,15,71,0.21,118
430,89,156,0.57,59,29,2.03,13,38,0.34,68
431,1498,329,4.55,824,63,13.08,214,68,3.15,841
432,2889,3681,0.78,4878,440,11.09,1070,520,2.06,5288
433,2252,2309,0.98,2308,366,6.31,682,378,1.80,2514
434,1576,1984,0.79,1218,167,7.29,312,185,1.69,1381
435,2115,2457,0.86,2019,505,4.00,454,544,0.83,2291
436,498,1154,0.43,340,240,1.42,63,278,0.23,478
437,4992,4064,1.23,4562,843,5.41,951,1073,0.89,5026
438,703,1187,0.59,532,177,3.01,117,298,0.39,665
439,3995,5249,0.76,3474,819,4.24,884,1164,0.76,4130
440,608,510,1.19,540,62,8.71,119,83,1.43,641
441,1037,1824,0.57,730,383,1.91,154,475,0.32,962
442,3519,5559,0.63,3447,704,4.90,787,751,1.05,3696
443,440,860,0.51,299,161,1.86,46,254,0.18,360
444,296,130,2.28,95,51,1.86,28,56,0.5,94
445,2184,2789,0.78,1980,559,3.54,418,615,0.68,2298
446,934,1219,0.77,827,137,6.04,202,178,1.13,890
447,1853,1854,1.00,1118,430,2.6,215,509,0.42,1385
448,10632,13576,0.78,9593,2601,3.69,2114,3231,0.65,10861
449,353,753,0.47,229,148,1.55,41,160,0.26,325
450,2039,3114,0.65,1354,596,2.27,327,729,0.45,1802
451,2653,3349,0.79,2003,743,2.70,389,900,0.43,2294
452,336,520,0.65,286,79,3.62,73,101,0.72,371
453,1201,2592,0.46,1059,537,1.97,212,564,0.38,1402
454,1478,2462,0.60,1697,541,3.14,480,708,0.68,2120
455,6474,10831,0.60,8113,1650,4.92,1964,1793,1.10,9363
456,1516,2098,0.72,1677,443,3.79,351,531,0.66,1977
457,452,652,0.69,222,94,2.36,38,118,0.32,291
458,506,874,0.58,328,143,2.29,74,198,0.37,399
459,634,759,0.84,620,161,3.85,131,180,0.73,713
460,1782,893,2.00,2161,142,15.22,559,185,3.02,2281
461,916,663,1.38,693,112,6.19,160,129,1.24,775
462,258,391,0.66,114,50,2.28,29,70,0.41,108
463,682,1542,0.44,642,326,1.97,120,395,0.30,818
464,2753,6211,0.44,3002,1393,2.16,477,2790,0.17,4127
465,145,39,3.72,90,13,6.92,21,15,1.4,100
466,577,840,0.69,352,133,2.65,83,152,0.55,435
467,3647,2423,1.51,3473,421,8.25,858,463,1.85,3622
468,734,345,2.13,264,56,4.71,71,72,0.99,276
469,46,49,0.94,71,4,17.75,18,8,2.25,78
470,491,702,0.70,704,86,8.19,160,152,1.05,804
471,303,535,0.57,208,149,1.40,52,175,0.30,295
472,7992,4736,1.69,7776,565,13.76,2049,599,3.42,8135
473,4148,4046,1.03,3516,1166,3.02,726,1722,0.42,4277
474,447,1074,0.42,293,218,1.34,64,259,0.25,420
475,915,881,1.04,538,139,3.87,128,158,0.81,624
476,543,639,0.85,1394,100,13.94,785,151,5.20,1504
477,1449,1447,1.00,1086,224,4.85,280,238,1.18,1211
478,1147,1599,0.72,1102,302,3.65,237,314,0.75,1274
479,3286,3333,0.99,2414,723,3.34,542,918,0.59,2753
480,457,565,0.81,213,77,2.77,48,114,0.42,272
481,262,462,0.57,193,134,1.44,51,159,0.32,278
482,135,180,0.75,163,27,6.04,33,34,0.97,197
483,192,196,0.98,171,27,6.33,47,34,1.38,191
484,1549,1739,0.89,861,386,2.23,197,447,0.44,980
485,11418,19002,0.60,12646,2249,5.62,3285,2342,1.40,14407
486,556,714,0.78,605,97,6.24,123,134,0.92,692
487,2514,3929,0.64,2506,384,6.53,661,638,1.04,2958
488,115,198,0.58,86,48,1.79,21,60,0.35,98
489,411,995,0.41,378,159,2.38,84,248,0.34,493
490,385,562,0.69,428,123,3.48,90,163,0.55,553
491,335,392,0.85,348,32,10.88,97,37,2.62,362
492,6475,13813,0.47,6059,2918,2.08,1134,3957,0.29,8303
493,1171,1923,0.61,622,367,1.69,142,443,0.32,807
494,374,523,0.72,422,113,3.73,81,132,0.61,477
495,134,127,1.06,149,14,10.64,41,21,1.95,160
496,2169,3540,0.61,1695,699,2.42,374,872,0.43,2101
497,181,337,0.54,153,45,3.4,39,70,0.56,191
498,3017,2699,1.12,2451,480,5.11,599,508,1.18,2574
499,689,707,0.97,458,80,5.73,130,94,1.38,445
500,3354,4076,0.82,3520,682,5.16,720,907,0.79,3814
501,1933,3846,0.50,1627,1025,1.59,344,1166,0.30,2204
502,690,547,1.26,603,81,7.44,144,152,0.95,690
503,16533,10643,1.55,16400,913,17.96,4322,963,4.49,16762
504,479,434,1.10,274,102,2.69,62,126,0.49,322
505,156,93,1.68,137,8,17.13,41,9,4.56,133
506,671,704,0.95,291,126,2.31,79,143,0.55,365
507,1238,2824,0.44,1039,653,1.59,224,767,0.29,1418
508,5353,5924,0.90,6202,672,9.23,1646,711,2.32,6472
509,1970,1289,1.53,1984,217,9.14,539,326,1.65,1955
510,539,718,0.75,440,147,2.99,87,173,0.50,499
511,3013,3752,0.80,2600,1161,2.24,485,1265,0.38,3418
512,67,35,1.91,47,6,7.83,12,7,1.71,48
513,74,110,0.67,61,19,3.21,16,26,0.62,69
514,1412,1513,0.93,1220,230,5.30,260,252,1.03,1335
515,533,1186,0.45,547,150,3.65,142,303,0.47,696
516,1541,1295,1.19,1368,219,6.25,320,247,1.30,1471
517,1577,1320,1.19,1721,145,11.87,426,187,2.28,1721
518,13,26,0.5,2,2,1,0,3,0,0
519,391,466,0.84,153,67,2.28,41,97,0.42,192
520,8685,14672,0.59,7861,3838,2.05,1161,3978,0.29,10422
521,520,550,0.95,234,81,2.89,66,93,0.71,291
522,840,661,1.27,548,86,6.37,137,111,1.23,625
523,167,178,0.94,236,38,6.21,44,47,0.94,244
524,488,715,0.68,682,93,7.33,147,106,1.39,830
525,1823,2063,0.88,1664,217,7.67,428,273,1.57,1831
526,3010,3733,0.81,2485,752,3.30,566,813,0.70,2787
527,288,351,0.82,282,36,7.83,55,81,0.68,341
528,705,1486,0.47,527,277,1.90,95,375,0.25,734
529,48,68,0.71,43,19,2.26,10,26,0.38,49
530,41,51,0.80,17,14,1.21,5,20,0.25,15
531,246,360,0.68,341,60,5.68,67,72,0.93,385
532,102,227,0.45,72,60,1.2,15,60,0.25,99
533,335,308,1.09,348,28,12.43,93,38,2.45,363
534,408,727,0.56,293,220,1.33,56,241,0.23,443
535,4631,6946,0.67,4926,876,5.62,1134,1027,1.10,5347
536,944,1261,0.75,735,266,2.76,202,294,0.69,842
537,1511,2577,0.59,2089,613,3.41,491,641,0.77,2390
538,479,622,0.77,376,159,2.36,95,173,0.55,447
539,500,528,0.95,675,66,10.23,175,67,2.61,732
540,3466,3058,1.13,3424,323,10.60,862,401,2.15,3405
541,2096,2812,0.75,1468,824,1.78,262,855,0.31,1726
542,189,280,0.68,130,74,1.76,26,85,0.31,178
543,996,1542,0.65,842,206,4.09,190,265,0.72,957
544,395,310,1.27,284,28,10.14,70,35,2,299
545,1107,1504,0.74,565,240,2.35,112,340,0.33,687
546,2208,2497,0.88,2612,661,3.95,574,711,0.81,3021
547,2466,4067,0.61,2073,699,2.97,425,992,0.43,2535
548,479,194,2.47,439,1,439,100,3,33.33,449
549,555,837,0.66,474,174,2.72,110,179,0.61,572
550,3774,4037,0.93,3693,397,9.30,982,613,1.60,3854
551,36,68,0.53,19,22,0.86,3,30,0.1,33
552,157,254,0.62,141,47,3,37,49,0.76,167
553,49,78,0.63,83,13,6.38,16,16,1,94
554,753,1066,0.71,487,263,1.85,98,272,0.36,656
555,959,1249,0.77,664,134,4.96,171,157,1.09,704
556,176,233,0.76,125,41,3.05,34,73,0.47,158
557,1103,1535,0.72,973,181,5.38,225,212,1.06,1111
558,1061,1465,0.72,588,427,1.38,127,450,0.28,753
559,4277,4265,1.00,4437,467,9.50,1318,572,2.30,4808
560,1458,2452,0.59,1425,475,3,329,603,0.55,1783
561,155,287,0.54,167,46,3.63,41,53,0.77,227
562,1153,1914,0.60,1028,382,2.69,191,480,0.40,1303
563,517,617,0.84,295,33,8.94,67,64,1.05,336
564,2428,3542,0.69,1848,972,1.90,465,1081,0.43,2448
565,354,817,0.43,344,138,2.49,85,153,0.56,443
566,1412,2332,0.61,1164,631,1.84,199,757,0.26,1492
567,2245,3763,0.60,1457,891,1.64,273,1023,0.27,1764
568,54,88,0.61,37,22,1.68,6,32,0.19,42
569,11478,14016,0.82,9251,2488,3.72,2155,2631,0.82,10403
570,68,197,0.35,46,28,1.64,16,39,0.41,59
571,838,1322,0.63,758,229,3.31,203,310,0.65,902
572,52,28,1.86,47,5,9.4,12,9,1.33,51
573,2150,3506,0.61,1847,649,2.85,382,692,0.55,2275
574,3138,3574,0.88,1934,910,2.13,529,1048,0.50,2298
575,270,614,0.44,182,95,1.92,46,142,0.32,244
576,981,1769,0.55,963,390,2.47,179,439,0.41,1231
577,41,45,0.91,39,19,2.05,11,26,0.42,44
578,3520,4929,0.71,1470,747,1.97,366,874,0.42,1728
579,162,216,0.75,148,38,3.89,42,48,0.88,160
580,446,755,0.59,455,133,3.42,103,141,0.73,520
581,2823,2445,1.15,3546,255,13.91,884,293,3.02,3782
582,925,1342,0.69,1041,165,6.31,252,267,0.94,1218
583,726,1016,0.71,587,243,2.42,146,266,0.55,728
584,11916,10991,1.08,11665,1922,6.07,2295,2586,0.89,12729
585,10037,10019,1.00,10134,1198,8.46,2946,1262,2.33,10627
586,2458,6968,0.35,1422,1718,0.83,225,1958,0.11,2369
587,92,240,0.38,45,32,1.41,9,51,0.18,79
588,251,783,0.32,217,213,1.02,49,296,0.17,393
589,3026,2603,1.16,2455,538,4.56,592,636,0.93,2666
590,5971,8852,0.67,6381,1349,4.73,1494,1604,0.93,7317
591,367,254,1.44,243,32,7.59,60,42,1.43,265
592,985,1640,0.60,1155,259,4.46,245,311,0.79,1363
593,4968,4118,1.21,4572,576,7.94,1173,589,1.99,4930
594,536,865,0.62,666,124,5.37,181,141,1.28,810
595,125,206,0.61,141,30,4.7,35,40,0.88,165
596,2062,2722,0.76,2154,689,3.13,415,911,0.46,2748
597,1369,777,1.76,1226,119,10.30,283,140,2.02,1352
598,634,851,0.75,523,187,2.80,100,221,0.45,656
599,2210,1708,1.29,1656,430,3.85,294,514,0.57,2083
600,1958,2784,0.70,1478,625,2.36,290,747,0.39,1786
601,98,113,0.87,32,44,0.73,8,60,0.13,44
602,1403,3105,0.45,904,955,0.95,212,1048,0.20,1392
603,251,586,0.43,455,123,3.70,91,134,0.68,608
604,115,161,0.71,122,21,5.81,26,29,0.90,136
605,2487,4878,0.51,2571,862,2.98,586,978,0.60,3258
606,2159,3129,0.69,1853,650,2.85,361,760,0.48,2272
607,32,60,0.53,28,6,4.67,7,10,0.7,38
608,4667,4574,1.02,3527,1009,3.50,904,1283,0.70,3996
609,3380,4887,0.69,3012,855,3.52,587,1210,0.49,3635
610,904,1203,0.75,851,224,3.80,223,248,0.90,1007
611,2905,4374,0.66,2042,1080,1.89,509,1107,0.46,2449
612,6728,6512,1.03,6312,523,12.07,1598,568,2.81,6354
613,2221,4216,0.53,2518,823,3.06,471,957,0.49,2898
614,1443,1269,1.14,993,220,4.51,220,237,0.93,1124
615,148,341,0.43,142,52,2.73,29,114,0.25,181
616,31,54,0.57,17,7,2.43,7,8,0.88,23
617,3485,3780,0.92,3024,288,10.5,790,334,2.37,3206
618,1401,908,1.54,1242,68,18.26,296,87,3.40,1292
619,598,299,2,591,36,16.42,145,57,2.54,643
620,975,882,1.11,401,126,3.18,110,144,0.76,446
621,817,1651,0.49,525,346,1.52,87,434,0.20,739
622,1482,930,1.59,1213,60,20.22,304,177,1.72,1222
623,1426,2124,0.67,749,244,3.07,172,388,0.44,886
624,2208,1820,1.21,1822,255,7.15,502,272,1.85,1985
625,1004,1172,0.86,1371,60,22.85,343,70,4.9,1420
626,2016,3195,0.63,1338,879,1.52,302,899,0.34,1702
627,286,573,0.50,182,58,3.14,40,70,0.57,210
628,3211,3169,1.01,2003,733,2.73,468,750,0.62,2489
629,2904,3130,0.93,2707,524,5.17,582,696,0.84,3049
630,913,883,1.03,924,109,8.48,239,117,2.04,944
631,1114,1357,0.82,452,538,0.84,117,609,0.19,607
632,193,663,0.29,197,105,1.88,31,222,0.14,280
633,1754,1886,0.93,1612,362,4.45,349,408,0.86,1822
634,2121,2155,0.98,1337,541,2.47,319,597,0.53,1480
635,3893,3227,1.21,2195,1197,1.83,550,1262,0.44,2718
636,178,404,0.44,123,88,1.40,32,120,0.27,160
637,434,187,2.32,242,23,10.52,67,25,2.68,263
638,6250,5263,1.19,4150,762,5.45,1007,873,1.15,4548
639,1548,2129,0.73,1003,518,1.94,211,571,0.37,1241
640,2151,2372,0.91,2129,257,8.28,450,300,1.5,2482
641,1614,2180,0.74,1494,403,3.71,361,463,0.78,1672
642,439,655,0.67,458,127,3.61,84,164,0.51,547
643,3714,2740,1.36,3463,470,7.37,919,496,1.85,3670
644,1542,2348,0.66,1373,552,2.49,305,682,0.45,1652
645,362,190,1.91,358,42,8.52,82,62,1.32,374
646,2798,986,2.84,2825,218,12.96,636,222,2.86,3027
647,1084,1187,0.91,836,432,1.94,221,482,0.46,1090
648,832,2097,0.40,960,396,2.42,129,642,0.20,1299
649,434,1070,0.41,356,220,1.62,63,255,0.25,514
650,1986,4009,0.50,1167,897,1.30,209,1107,0.19,1670
651,1258,1900,0.66,1392,300,4.64,321,386,0.83,1577
652,2620,5000,0.52,2887,876,3.30,810,979,0.83,3839
653,1499,1524,0.98,1065,269,3.96,267,287,0.93,1195
654,1081,1001,1.08,529,126,4.20,135,146,0.92,561
655,70,166,0.42,53,57,0.93,9,71,0.13,75
656,3092,2238,1.38,2734,253,10.81,760,276,2.75,2778
657,770,1077,0.71,782,108,7.24,177,131,1.35,822
658,1576,3810,0.41,1471,1156,1.27,278,1231,0.23,2270
659,5210,4594,1.13,6633,682,9.73,1516,734,2.07,7249
660,751,916,0.82,430,175,2.46,84,230,0.37,558
661,2164,3406,0.64,1597,682,2.34,328,723,0.45,1875
662,2016,2918,0.69,2136,359,5.95,524,425,1.23,2324
663,432,1056,0.41,334,154,2.17,67,222,0.30,431
664,2317,2940,0.79,2145,621,3.45,420,740,0.57,2432
665,4976,5177,0.96,4289,1054,4.07,1099,1211,0.91,4990
666,2508,2474,1.01,2064,779,2.65,471,805,0.59,2522
667,482,649,0.74,254,149,1.70,56,213,0.26,295
668,671,1494,0.45,540,383,1.41,104,519,0.20,746
669,1778,1594,1.12,1635,269,6.08,427,308,1.39,1740
670,50,87,0.57,30,24,1.25,5,28,0.18,31
671,122,219,0.56,87,47,1.85,15,72,0.21,122
672,350,488,0.72,104,64,1.63,20,87,0.23,119
673,2171,928,2.34,727,120,6.06,173,167,1.04,885
674,1374,2550,0.54,1528,514,2.97,329,615,0.53,1841
675,126,139,0.91,110,24,4.58,26,26,1,115
676,148,427,0.35,152,110,1.38,31,125,0.25,222
677,2129,2185,0.97,2321,426,5.45,490,538,0.91,2680
678,44,79,0.56,33,20,1.65,10,20,0.5,48
679,3375,3410,0.99,2524,573,4.40,671,626,1.07,2803
680,2913,2989,0.97,2174,728,2.99,449,798,0.56,2534
681,4074,4326,0.94,2409,798,3.02,587,849,0.69,2801
682,277,821,0.34,198,195,1.02,34,278,0.12,332
683,663,1205,0.55,384,181,2.12,109,211,0.52,489
684,2918,3503,0.83,3183,763,4.17,665,817,0.81,3588
685,33,44,0.75,20,10,2,3,13,0.23,24
686,161,137,1.18,260,1,260,67,2,33.5,241
687,1492,1975,0.76,994,499,1.99,225,532,0.42,1147
688,780,1387,0.56,593,265,2.24,139,340,0.41,746
689,1566,1583,0.99,992,503,1.97,251,555,0.45,1424
690,313,1030,0.30,311,215,1.45,73,229,0.32,400
691,407,663,0.61,449,131,3.43,103,169,0.61,549
692,2887,3633,0.79,4188,650,6.44,1020,672,1.52,4906
693,2328,1622,1.44,2910,193,15.08,628,290,2.17,3097
694,406,771,0.53,327,137,2.39,69,154,0.45,390
695,1273,2023,0.63,1300,296,4.39,331,367,0.90,1586
696,905,577,1.57,474,145,3.27,97,175,0.55,504
697,4950,3167,1.56,4917,169,29.09,1223,346,3.53,5260
698,14413,11029,1.31,10907,1909,5.71,3260,2059,1.58,12153
699,992,1406,0.71,1389,157,8.85,308,213,1.45,1650
700,854,655,1.30,772,94,8.21,173,103,1.68,806
701,155,133,1.17,115,16,7.19,28,22,1.27,135
702,223,456,0.49,307,74,4.15,75,103,0.73,337
703,306,315,0.97,164,55,2.98,36,61,0.59,208
704,1402,1427,0.98,1400,320,4.38,357,330,1.08,1591
705,9259,5755,1.61,6107,888,6.88,1551,976,1.59,6531
706,2770,4419,0.63,2261,1798,1.26,427,1861,0.23,3398
707,2545,659,3.86,2259,69,32.74,521,86,6.06,2366
708,506,462,1.10,433,26,16.65,123,29,4.24,455
709,931,1198,0.78,835,245,3.41,159,305,0.52,1025
710,700,823,0.85,865,96,9.01,222,100,2.22,951
711,24,42,0.57,21,6,3.5,4,7,0.57,19
712,12,44,0.27,3,13,0.23,3,25,0.12,4
713,3210,3141,1.02,3698,406,9.11,864,456,1.89,4007
714,283,228,1.24,188,13,14.46,50,13,3.85,187
715,2404,2785,0.86,1537,493,3.12,341,627,0.54,1896
716,885,1964,0.45,1159,371,3.12,257,467,0.55,1487
717,4383,4861,0.90,4174,1339,3.12,872,1937,0.45,4918
718,5892,3743,1.57,5873,519,11.32,1508,541,2.79,6285
719,700,795,0.88,708,57,12.42,197,114,1.73,742
720,105,122,0.86,84,29,2.90,18,34,0.53,104
721,7113,7408,0.96,5937,1469,4.04,1579,1574,1.00,6993
722,3336,3347,1.00,2992,444,6.74,772,485,1.59,3253
723,15942,13583,1.17,14629,2634,5.55,3500,2935,1.19,16103
724,200,549,0.36,171,152,1.13,18,174,0.10,260
725,3294,3651,0.90,2620,751,3.49,677,824,0.82,3110
726,2474,3093,0.80,1260,574,2.20,357,624,0.57,1505
727,98,162,0.60,96,35,2.74,19,50,0.38,111
728,3588,2264,1.58,3141,372,8.44,849,425,2.00,3391
729,509,390,1.31,360,24,15,92,28,3.29,377
730,289,459,0.63,283,66,4.29,83,71,1.17,339
731,114,45,2.53,122,6,20.33,18,6,3,123
732,375,1012,0.37,190,267,0.71,29,345,0.08,290
733,2606,4659,0.56,1995,863,2.31,418,995,0.42,2259
734,541,1055,0.51,373,158,2.36,91,189,0.48,433
735,113,104,1.09,106,24,4.42,28,26,1.08,124
736,1445,1966,0.73,1478,308,4.80,400,323,1.24,1624
737,302,271,1.11,189,73,2.59,35,86,0.41,228
738,2194,3394,0.65,2442,693,3.52,469,1436,0.33,3005
739,1033,1267,0.82,925,192,4.82,239,202,1.18,1066
740,1334,1146,1.16,1974,210,9.4,413,226,1.83,2099
741,217,260,0.83,101,64,1.58,17,79,0.22,143
742,453,865,0.52,510,236,2.16,96,295,0.33,670
743,492,635,0.77,559,66,8.47,135,84,1.61,605
744,604,1122,0.54,414,161,2.57,72,186,0.39,492
745,182,173,1.05,161,18,8.94,51,26,1.96,179
746,1014,3101,0.33,877,364,2.41,182,491,0.37,1335
747,935,1521,0.61,593,538,1.10,145,774,0.19,1010
748,925,2677,0.35,408,681,0.60,56,890,0.06,718
749,479,808,0.59,64,164,0.39,17,210,0.08,148
750,73,71,1.03,95,9,10.56,20,10,2,98
751,630,1234,0.51,564,257,2.19,121,287,0.42,729
752,5923,7350,0.81,4515,1247,3.62,1177,1479,0.80,5094
753,9025,11835,0.76,7677,1795,4.28,1737,2172,0.80,8605
754,116,165,0.70,70,55,1.27,11,70,0.16,114
755,91,128,0.71,85,29,2.93,21,35,0.6,97
756,635,569,1.12,326,201,1.62,91,232,0.39,380
757,67,198,0.34,104,60,1.73,22,74,0.30,162
758,102,214,0.48,113,45,2.51,23,60,0.38,169
759,196,194,1.01,158,24,6.58,50,29,1.72,176
760,317,820,0.39,238,58,4.10,68,71,0.96,285
761,126,160,0.79,51,28,1.82,17,38,0.45,57
762,1007,800,1.26,466,203,2.30,90,224,0.40,618
763,947,1580,0.60,612,449,1.36,123,485,0.25,847
764,5103,5327,0.96,2729,1052,2.59,577,1259,0.46,3318
765,343,326,1.05,283,58,4.88,67,61,1.10,313
766,686,900,0.76,655,94,6.97,186,123,1.51,726
767,4394,6933,0.63,3512,1054,3.33,885,1151,0.77,4309
768,2224,3660,0.61,2713,970,2.80,504,988,0.51,3267
769,6437,5082,1.27,7080,529,13.38,1903,562,3.39,7403
770,939,950,0.99,529,183,2.89,127,197,0.64,637
771,605,1481,0.41,847,381,2.22,203,407,0.50,1157
772,458,276,1.66,470,36,13.06,95,82,1.16,531
773,312,446,0.70,206,74,2.78,56,97,0.58,257
774,262,398,0.66,164,84,1.95,31,131,0.24,221
775,215,317,0.68,149,101,1.48,26,102,0.25,200
776,1143,1539,0.74,1033,310,3.33,242,375,0.65,1171
777,247,382,0.65,313,71,4.41,68,72,0.94,384
778,189,339,0.56,110,63,1.75,23,70,0.33,147
779,2107,3460,0.61,2665,474,5.62,626,524,1.19,3050
780,748,1322,0.57,487,227,2.15,106,321,0.33,695
781,4032,5081,0.79,3696,576,6.42,892,664,1.34,4068
782,240,322,0.75,178,44,4.05,46,49,0.94,207
783,4497,7312,0.62,1842,2721,0.68,379,2830,0.13,3678
784,198,239,0.83,132,44,3,32,58,0.55,174
785,34,50,0.68,61,2,30.5,19,2,9.5,71
786,675,883,0.76,487,249,1.96,101,267,0.38,579
787,957,2935,0.33,931,575,1.62,175,687,0.25,1426
788,1060,2008,0.53,750,395,1.90,200,430,0.47,996
789,1013,1532,0.66,1301,438,2.97,362,466,0.78,1734
790,10685,9441,1.13,12620,2273,5.55,3088,2425,1.27,13827
791,4084,2682,1.52,2337,801,2.92,538,832,0.65,2702
792,3634,5377,0.68,2288,1312,1.74,396,1552,0.26,2919
793,758,945,0.80,562,247,2.28,128,269,0.48,668
794,1045,1260,0.83,753,203,3.71,181,274,0.66,987
795,381,482,0.79,241,114,2.11,55,173,0.32,268
796,100,138,0.72,64,28,2.29,30,48,0.63,49
797,1778,2318,0.77,1789,482,3.71,428,562,0.76,2032
798,3227,1290,2.50,2083,120,17.36,572,141,4.06,2124
799,1643,3232,0.51,1353,776,1.74,290,847,0.34,1810
800,4512,5857,0.77,2185,1801,1.21,405,1925,0.21,2580
801,634,638,0.99,446,126,3.54,102,151,0.68,528
802,1342,2098,0.64,1511,387,3.90,349,414,0.84,1647
803,1770,2318,0.76,2309,331,6.98,567,391,1.45,2426
804,3292,4416,0.75,3212,461,6.97,787,554,1.42,3373
805,62,161,0.39,70,26,2.69,12,41,0.29,82
806,987,1220,0.81,953,122,7.81,248,147,1.69,980
807,60,128,0.47,37,21,1.76,8,31,0.26,46
808,270,300,0.9,43,43,1,8,65,0.12,69
809,7828,3736,2.10,2820,528,5.34,812,744,1.09,2966
810,7897,9702,0.81,8364,1194,7.01,2242,1208,1.86,8994
811,615,1207,0.51,400,157,2.55,106,225,0.47,483
812,858,1152,0.74,999,263,3.80,192,353,0.54,1185
813,383,512,0.75,347,74,4.69,81,89,0.91,383
814,75,201,0.37,31,25,1.24,10,37,0.27,47
815,1029,863,1.19,1030,159,6.48,251,213,1.18,1130
816,154,253,0.61,98,68,1.44,18,77,0.23,137
817,395,738,0.54,287,107,2.68,83,128,0.65,361
818,40,79,0.51,36,13,2.77,12,19,0.63,44
819,1007,2330,0.43,714,604,1.18,111,657,0.17,1019
820,123,231,0.53,39,106,0.37,6,110,0.05,63
821,365,386,0.95,291,78,3.73,62,99,0.63,335
822,1654,1522,1.09,1192,244,4.89,283,253,1.12,1286
823,45,77,0.58,28,15,1.87,8,22,0.36,38
824,5456,5057,1.08,5704,1514,3.77,1597,1622,0.98,6675
825,1889,3762,0.50,2565,1043,2.46,271,1677,0.16,3542
826,1301,1411,0.92,1044,177,5.90,246,203,1.21,1171
827,7624,4835,1.58,4933,1201,4.11,1227,1232,1.00,5637
828,447,642,0.70,382,116,3.29,98,118,0.83,451
829,5021,7714,0.65,4550,1125,4.04,1129,1246,0.91,5188
830,1548,1171,1.32,1182,317,3.73,258,353,0.73,1402
831,339,706,0.48,278,187,1.49,58,248,0.23,359
832,258,565,0.46,160,109,1.47,30,132,0.23,226
833,4460,5135,0.87,3785,1139,3.32,861,1263,0.68,4326
834,6787,6069,1.12,7055,751,9.39,2050,772,2.66,7450
835,206,282,0.73,192,55,3.49,36,68,0.53,225
836,21,34,0.62,15,7,2.14,3,8,0.38,18
837,1211,1184,1.02,1418,287,4.94,235,366,0.64,1626
838,880,1144,0.77,635,182,3.49,158,223,0.71,717
839,6,45,0.13,7,13,0.54,2,20,0.1,9
840,15298,15214,1.01,13192,2302,5.73,3335,2345,1.42,14082
841,455,1101,0.41,275,255,1.08,50,294,0.17,417
842,290,436,0.67,290,69,4.20,81,78,1.04,341
843,730,579,1.26,261,82,3.18,78,91,0.86,306
844,1558,1205,1.29,1241,154,8.06,313,159,1.97,1283
845,7875,9465,0.83,8264,1163,7.11,2032,1412,1.44,9293
846,307,425,0.72,240,124,1.94,44,131,0.34,308
847,238,120,1.98,123,40,3.08,36,47,0.77,119
848,199,320,0.62,231,12,19.25,61,24,2.54,245
849,598,929,0.64,723,124,5.83,184,132,1.39,792
850,2202,2080,1.06,1916,358,5.35,458,414,1.11,2078
851,646,2025,0.32,527,543,0.97,71,632,0.11,775
852,701,1295,0.54,430,194,2.22,96,291,0.33,565
853,131,218,0.60,111,44,2.52,21,51,0.41,133
854,967,1366,0.71,559,295,1.89,131,368,0.36,738
855,851,583,1.46,718,113,6.35,155,121,1.28,752
856,412,418,0.99,343,72,4.76,81,81,1,371
857,247,225,1.10,288,48,6,67,51,1.31,334
858,1147,1141,1.01,1230,388,3.17,288,415,0.69,1477
859,244,406,0.60,245,55,4.45,62,68,0.91,282
860,263,435,0.60,224,94,2.38,58,108,0.54,279
861,2924,2635,1.11,2072,861,2.41,450,1019,0.44,2480
862,337,622,0.54,307,115,2.67,70,127,0.55,344
863,106,113,0.94,46,25,1.84,9,33,0.27,63
864,1587,1288,1.23,1589,148,10.74,326,215,1.52,1757
865,3056,1921,1.59,2339,210,11.14,619,281,2.20,2423
866,68,109,0.62,45,18,2.5,7,22,0.32,48
867,348,340,1.02,520,50,10.4,128,59,2.17,590
868,569,873,0.65,379,149,2.54,90,196,0.46,501
869,5664,5990,0.95,5041,1218,4.14,1175,1301,0.90,5522
870,3947,3354,1.18,2620,682,3.84,696,796,0.87,2912
871,1043,1594,0.65,708,421,1.68,126,475,0.27,897
872,2620,5301,0.49,2398,1032,2.32,523,1144,0.46,3109
873,490,797,0.61,332,100,3.32,81,106,0.76,380
874,391,1093,0.36,254,302,0.84,46,382,0.12,435
875,224,352,0.64,44,50,0.88,16,60,0.27,33
876,89,50,1.78,102,5,20.4,21,12,1.75,106
877,133,151,0.88,78,24,3.25,20,25,0.8,86
878,505,801,0.63,470,133,3.53,104,158,0.66,548
879,3475,3809,0.91,3403,554,6.14,844,572,1.48,3580
880,337,796,0.42,269,210,1.28,55,238,0.23,438
881,2711,2363,1.15,1390,511,2.72,315,599,0.53,1609
882,485,794,0.61,236,161,1.47,50,209,0.24,323
883,269,1297,0.21,241,421,0.57,50,494,0.10,548
884,329,774,0.43,341,157,2.17,61,191,0.32,452
885,612,1184,0.52,535,254,2.11,103,273,0.38,721
886,1112,2189,0.51,1056,616,1.71,153,881,0.17,1590
887,1757,1524,1.15,1544,176,8.77,403,199,2.03,1644
888,8124,8826,0.92,6409,1582,4.05,1619,2057,0.79,7089
889,159,515,0.31,86,103,0.83,16,142,0.11,152
890,70,137,0.51,77,9,8.56,22,9,2.44,75
891,457,649,0.70,484,117,4.14,121,123,0.98,555
892,450,1004,0.45,283,337,0.84,69,408,0.17,466
893,199,586,0.34,202,105,1.92,35,116,0.30,282
894,5225,7228,0.72,4063,1066,3.81,972,1215,0.8,4531
895,315,376,0.84,331,84,3.94,92,100,0.92,409
896,4883,3362,1.45,3548,1139,3.12,804,1167,0.69,4292
897,321,530,0.61,498,133,3.74,101,150,0.67,588
898,219,271,0.81,311,20,15.55,70,25,2.8,323
899,787,1701,0.46,558,438,1.27,94,475,0.20,849
900,461,463,1.00,384,56,6.86,110,76,1.45,446
901,97,151,0.64,69,30,2.3,10,35,0.29,79
902,606,1111,0.55,664,117,5.68,150,217,0.69,804
903,1832,2141,0.86,1774,218,8.14,426,354,1.20,1890
904,219,313,0.70,189,71,2.66,41,98,0.42,251
905,2569,1417,1.81,1859,280,6.64,440,297,1.48,2000
906,279,279,1,218,34,6.41,60,37,1.62,219
907,1444,2201,0.66,1016,419,2.42,232,442,0.52,1192
908,1834,2264,0.81,1783,404,4.41,458,622,0.74,1943
909,219,356,0.62,149,64,2.33,33,69,0.48,176
910,1520,787,1.93,903,130,6.95,224,137,1.64,955
911,510,788,0.65,319,160,1.99,65,174,0.37,393
912,5066,3888,1.30,3223,1029,3.13,640,1108,0.58,3711
913,49,55,0.89,48,9,5.33,11,11,1,50
914,682,481,1.42,643,68,9.46,143,79,1.81,689
915,1721,3929,0.44,1037,828,1.25,137,1136,0.12,1549
916,1591,2766,0.58,1416,694,2.04,250,813,0.31,1811
917,8167,7294,1.12,6633,1141,5.81,1642,1210,1.36,7017
918,1335,974,1.37,1207,50,24.14,325,67,4.85,1199
919,880,524,1.68,465,91,5.11,110,97,1.13,543
920,1576,3479,0.45,1759,552,3.19,369,720,0.51,2185
921,2906,2394,1.21,1922,584,3.29,377,613,0.62,2250
922,759,342,2.22,614,19,32.32,150,26,5.77,665
923,299,430,0.70,316,89,3.55,66,114,0.58,358
924,220,504,0.44,93,143,0.65,30,156,0.19,149
925,129,214,0.60,107,45,2.38,27,59,0.46,132
926,4856,3513,1.38,3558,545,6.53,845,604,1.40,3972
927,1384,2747,0.50,1247,956,1.30,174,995,0.17,1760
928,2,1,2,2,2,1,1,1,1,4
929,171,257,0.67,201,29,6.93,40,33,1.21,219
930,1409,1423,0.99,1264,279,4.53,247,334,0.74,1529
931,182,369,0.49,128,75,1.71,23,112,0.21,165
932,923,1442,0.64,804,297,2.71,175,358,0.49,982
933,1929,1834,1.05,1274,369,3.45,348,412,0.84,1426
934,611,1285,0.48,671,234,2.87,129,266,0.48,877
935,238,546,0.44,176,121,1.45,37,147,0.25,248
936,415,350,1.19,268,44,6.09,82,48,1.71,293
937,462,662,0.70,447,108,4.14,89,129,0.69,511
938,481,512,0.94,237,115,2.06,63,128,0.49,281
939,124,302,0.41,85,55,1.55,20,65,0.31,126
940,672,1269,0.53,1064,100,10.64,272,127,2.14,1173
941,7961,4703,1.69,9195,669,13.74,2223,730,3.05,9504
942,29,34,0.85,21,2,10.5,4,4,1,23
943,1050,1062,0.99,912,274,3.33,181,297,0.61,1092
944,1133,1309,0.87,994,188,5.29,259,211,1.23,1110
945,95,148,0.64,30,60,0.5,7,64,0.11,42
946,247,333,0.74,286,52,5.5,71,66,1.08,311
947,1447,2395,0.60,1067,489,2.18,247,577,0.43,1352
948,1600,1877,0.85,1535,283,5.42,322,381,0.85,1683
949,2263,2642,0.86,1601,701,2.28,297,928,0.32,2077
950,1491,2591,0.58,1568,373,4.20,353,498,0.71,1926
951,3422,5660,0.60,3368,976,3.45,809,1010,0.80,3850
952,1282,961,1.33,532,143,3.72,143,169,0.85,635
953,3215,3784,0.85,2812,874,3.22,589,928,0.63,3468
954,281,336,0.84,257,75,3.43,61,78,0.78,272
955,826,1463,0.56,678,256,2.65,152,440,0.35,887
956,123,249,0.49,130,44,2.95,31,58,0.53,167
957,1379,1860,0.74,1555,282,5.51,348,295,1.18,1879
958,1052,1709,0.62,871,408,2.13,132,535,0.25,1215
959,1591,1270,1.25,1309,386,3.39,256,566,0.45,1605
960,405,1159,0.35,343,332,1.03,84,393,0.21,531
961,1168,800,1.46,614,204,3.01,137,224,0.61,724
962,129,199,0.65,103,53,1.94,29,66,0.44,146
963,9707,5135,1.89,7951,1738,4.57,1630,1984,0.82,8632
964,381,643,0.59,191,144,1.33,30,191,0.16,233
965,2093,2090,1.00,1693,371,4.56,378,399,0.95,1817
966,33,60,0.55,14,24,0.58,1,30,0.03,25
967,546,544,1.00,553,107,5.17,102,209,0.49,672
968,1076,826,1.30,365,338,1.08,109,354,0.31,433
969,304,500,0.61,237,59,4.02,66,70,0.94,243
970,2298,2481,0.93,1523,444,3.43,470,472,1.00,1719
971,42,42,1,56,13,4.31,14,20,0.7,71
972,657,1922,0.34,802,258,3.11,165,441,0.37,1108
973,55,123,0.45,40,29,1.38,10,32,0.31,52
974,2620,1989,1.32,3424,81,42.27,979,87,11.25,3486
975,409,651,0.63,357,189,1.89,70,214,0.33,444
976,8639,6001,1.44,4653,1104,4.21,1401,1158,1.21,4897
977,147,222,0.66,112,47,2.38,24,53,0.45,131
978,4044,4129,0.98,4470,1057,4.23,1056,1116,0.95,5055
979,3726,1497,2.49,1949,242,8.05,450,309,1.46,2100
980,1357,2187,0.62,1188,596,1.99,234,745,0.31,1494
981,590,668,0.88,361,80,4.51,87,95,0.92,423
982,1231,2125,0.58,1467,506,2.90,306,581,0.53,1925
983,120,199,0.60,76,73,1.04,21,80,0.26,95
984,2,4,0.5,2,1,2,0,2,0,3
985,372,784,0.47,377,96,3.93,91,132,0.69,463
986,11517,15577,0.74,6450,3261,1.98,1365,3400,0.40,7524
987,236,280,0.84,278,25,11.12,75,32,2.34,309
988,502,807,0.62,466,150,3.11,106,165,0.64,557
989,1430,1212,1.18,934,363,2.57,216,406,0.53,1144
990,60,104,0.58,30,20,1.5,6,25,0.24,43
991,933,1160,0.80,815,244,3.34,173,260,0.67,885
992,1253,1664,0.75,1150,335,3.43,235,369,0.64,1336
993,342,948,0.36,303,180,1.68,49,242,0.20,410
994,433,1087,0.40,385,261,1.48,64,270,0.24,569
995,2058,3345,0.62,1685,749,2.25,328,777,0.42,2053
996,113,277,0.41,88,35,2.51,22,46,0.48,107
997,176,286,0.62,192,53,3.62,45,77,0.58,224
998,662,1222,0.54,447,325,1.38,83,360,0.23,620
999,246,348,0.71,668,26,25.69,154,31,4.97,694
1000,57,70,0.81,66,14,4.71,13,18,0.72,78
