Id,K,D,K/D,FK,FD,FK/D,W,L,W/L,Beds Broken
1,1602,3425,0.47,1798,182,9.88,1096,142,7.72,782
2,4184,9191,0.46,5152,503,10.24,3042,378,8.05,2671
3,6567,8965,0.73,11971,320,37.41,3581,260,13.77,4810
4,1915,3606,0.53,3451,265,13.02,1472,188,7.83,1521
5,2871,5537,0.52,3564,574,6.21,2199,503,4.37,1309
6,7490,10035,0.75,6140,583,10.53,2125,594,3.58,2462
7,2037,3716,0.55,4719,202,23.36,1246,176,7.08,2071
8,3032,7985,0.38,4067,798,5.10,1810,757,2.39,3110
9,2407,3767,0.64,4389,171,25.67,1721,159,10.82,1958
10,1818,2596,0.70,2991,106,28.22,1055,108,9.77,1231
11,912,840,1.09,1150,53,21.70,417,46,9.07,489
12,2640,5171,0.51,7053,251,28.10,2646,211,12.54,3051
13,503,446,1.13,618,41,15.07,157,37,4.24,278
14,15309,24805,0.62,22181,989,22.43,9065,871,10.41,8900
15,4160,10320,0.40,6309,843,7.48,2376,825,2.88,3296
16,25318,42326,0.60,24133,2299,10.50,10558,2028,5.21,9714
17,435,647,0.67,690,37,18.65,250,32,7.81,286
18,1991,4254,0.47,2801,207,13.53,1327,214,6.20,1129
19,9941,15594,0.64,12917,908,14.23,5761,840,6.86,6153
20,5591,8769,0.64,5288,590,8.96,2009,642,3.13,2702
21,13643,22155,0.62,18960,2453,7.73,7238,2339,3.09,8489
22,5455,10858,0.50,7601,557,13.65,3518,487,7.22,3799
23,6003,8843,0.68,7290,1064,6.85,2390,1424,1.68,3194
24,5907,10644,0.55,7348,554,13.26,3704,485,7.64,3136
25,3686,4525,0.81,3791,242,15.67,1309,223,5.87,1395
26,6613,9630,0.69,8157,713,11.44,2815,662,4.25,3411
27,13654,15073,0.91,18474,827,22.34,6386,877,7.28,7266
28,765,1057,0.72,1242,38,32.68,434,37,11.73,524
29,1881,2301,0.82,1251,205,6.10,429,197,2.18,565
30,12923,21407,0.60,17573,803,21.88,5981,676,8.85,7899
31,2549,3863,0.66,3145,310,10.15,1070,279,3.84,1411
32,1095,1627,0.67,2086,59,35.36,656,53,12.38,829
33,14896,21971,0.68,17620,821,21.46,6674,731,9.13,6880
34,3618,3332,1.09,5623,363,15.49,1685,323,5.22,2192
35,5406,8492,0.64,5812,748,7.77,2129,822,2.59,2479
36,2459,4747,0.52,3014,202,14.92,1264,186,6.80,1320
37,1426,1787,0.80,2776,130,21.35,799,151,5.29,1196
38,8256,11654,0.71,3876,1457,2.66,3529,1357,2.60,1338
39,1582,2540,0.62,2712,76,35.68,1025,60,17.08,1042
40,3753,7416,0.51,5419,279,19.42,2218,229,9.69,2451
41,1193,2068,0.58,1846,130,14.2,867,120,7.23,735
42,5033,4792,1.05,5364,216,24.83,1579,257,6.14,1961
43,4761,9200,0.52,6275,551,11.39,3757,460,8.17,3417
44,5095,11719,0.43,8376,809,10.35,3498,683,5.12,3126
45,3968,5409,0.73,4888,460,10.63,1681,436,3.86,2134
46,6153,9122,0.67,6521,457,14.27,2848,393,7.25,2874
47,3749,7279,0.52,5559,384,14.48,2237,357,6.27,2225
48,2717,4996,0.54,4545,230,19.76,2077,269,7.72,2009
49,9502,12879,0.74,15552,143,108.76,5148,85,60.56,5708
50,1565,3547,0.44,1235,533,2.32,689,561,1.23,704
51,4125,6118,0.67,4939,475,10.40,1709,460,3.72,2174
52,5080,9333,0.54,6460,433,14.92,2326,458,5.08,2970
53,11945,11640,1.03,4965,1812,2.74,2359,1944,1.21,2620
54,8982,22394,0.40,16237,1970,8.24,7550,1623,4.65,9455
55,3055,5204,0.59,5645,316,17.86,1913,308,6.21,2186
56,8365,18301,0.46,11984,1455,8.24,5352,1327,4.03,6806
57,5036,4833,1.04,6148,292,21.05,2074,265,7.83,2706
58,6427,8823,0.73,6190,670,9.24,2404,633,3.80,3043
59,17043,22658,0.75,28544,1472,19.39,8083,1264,6.39,11941
60,2061,3595,0.57,2859,142,20.13,1017,119,8.55,1115
61,3588,9869,0.36,4011,419,9.57,2546,397,6.41,2044
62,2944,6012,0.49,3869,322,12.02,1704,311,5.48,2038
63,2157,2976,0.72,2133,179,11.92,733,229,3.20,766
64,6936,6582,1.05,8784,304,28.89,2644,240,11.02,3064
65,5593,6317,0.89,6611,277,23.87,2528,238,10.62,2642
66,1675,3055,0.55,4061,151,26.89,1456,155,9.39,1840
67,8467,12538,0.68,7287,660,11.04,3240,584,5.55,3044
68,5612,7059,0.80,8168,795,10.27,2998,689,4.35,3715
69,2879,6050,0.48,3170,365,8.68,1453,343,4.24,1528
70,3774,4791,0.79,3229,384,8.41,1186,362,3.28,1441
71,12741,20061,0.64,7275,1348,5.40,3523,1335,2.64,2837
72,1328,2399,0.55,2410,71,33.94,941,58,16.22,928
73,6126,8363,0.73,6763,800,8.45,2336,866,2.70,2822
74,3301,4123,0.80,2777,331,8.39,1057,294,3.60,1109
75,853,3139,0.27,1365,187,7.30,1077,140,7.69,651
76,7016,8721,0.80,7420,552,13.44,2644,476,5.55,3032
77,4477,6533,0.69,4783,290,16.49,1495,305,4.90,2218
78,885,2000,0.44,970,174,5.57,551,248,2.22,404
79,2494,5429,0.46,3090,249,12.41,1647,211,7.81,1581
80,2389,3686,0.65,4264,19,224.42,1527,13,117.46,1661
81,1529,2140,0.71,1780,103,17.28,795,91,8.74,860
82,1031,1654,0.62,1209,159,7.60,563,151,3.73,548
83,786,1597,0.49,1182,143,8.27,525,153,3.43,661
84,6572,8880,0.74,10809,332,32.56,3548,290,12.23,3694
85,16990,25594,0.66,23009,2648,8.69,7954,2572,3.09,9047
86,5171,9611,0.54,9585,801,11.97,4609,706,6.53,4005
87,6465,4481,1.44,5072,225,22.54,1484,202,7.35,2014
88,4928,8703,0.57,5000,890,5.62,2396,770,3.11,2834
89,1656,1827,0.91,1493,136,10.98,456,146,3.12,611
90,2469,4471,0.55,2221,408,5.44,922,411,2.24,1085
91,5714,9725,0.59,7691,696,11.05,3014,668,4.51,3781
92,1757,6495,0.27,3018,704,4.29,1647,601,2.74,1732
93,10740,13036,0.82,11312,1335,8.47,3067,1236,2.48,5173
94,776,1356,0.57,1235,106,11.65,370,94,3.94,423
95,11444,11564,0.99,10206,963,10.60,3048,926,3.29,4057
96,1695,2398,0.71,2598,186,13.97,960,162,5.93,1100
97,7071,14531,0.49,11080,869,12.75,4429,721,6.14,5213
98,4449,6674,0.67,4289,510,8.41,1443,477,3.03,2191
99,8092,13796,0.59,6433,1801,3.57,2351,1872,1.26,2966
100,3974,6395,0.62,4062,381,10.66,1590,358,4.44,1637
101,3864,5209,0.74,2585,491,5.26,1241,522,2.38,1220
102,774,1313,0.59,1562,71,22,521,67,7.78,681
103,12206,17947,0.68,16640,1394,11.94,5178,1469,3.52,7062
104,6034,9020,0.67,5365,678,7.91,2297,621,3.70,2498
105,5660,5721,0.99,7178,141,50.91,2453,146,16.80,2782
106,1746,2887,0.60,628,628,1,496,627,0.79,157
107,2186,4523,0.48,3079,349,8.82,1186,349,3.40,1205
108,3583,5270,0.68,2774,328,8.46,950,320,2.97,1152
109,6467,11085,0.58,5543,1051,5.27,2770,1018,2.72,2859
110,5541,6547,0.85,5854,604,9.69,2028,589,3.44,2879
111,1207,1758,0.69,1982,189,10.49,669,163,4.10,851
112,4314,7344,0.59,7675,415,18.49,2243,387,5.80,3306
113,7999,8213,0.97,8359,737,11.34,2646,627,4.22,3550
114,11450,31439,0.36,13468,2838,4.75,7024,2515,2.79,6883
115,2902,2022,1.44,2625,167,15.72,885,150,5.9,891
116,769,1330,0.58,1310,52,25.19,523,44,11.89,581
117,7405,13032,0.57,6600,632,10.44,2822,659,4.28,3524
118,814,1288,0.63,927,109,8.50,401,110,3.65,439
119,7042,7170,0.98,5181,473,10.95,1526,524,2.91,2113
120,1468,3348,0.44,786,423,1.86,653,383,1.70,281
121,9543,14962,0.64,12106,449,26.96,4228,418,10.11,4937
122,1258,2480,0.51,1583,312,5.07,618,334,1.85,802
123,3009,4864,0.62,4310,266,16.20,1613,260,6.20,1919
124,4782,7120,0.67,4337,521,8.32,1577,511,3.09,2081
125,3119,5979,0.52,4220,289,14.60,1636,277,5.91,2099
126,1565,2126,0.74,1393,113,12.33,541,104,5.20,612
127,3649,6163,0.59,2801,224,12.50,1232,206,5.98,1153
128,1209,2131,0.57,2657,84,31.63,884,81,10.91,977
129,3440,5487,0.63,3035,439,6.91,1753,375,4.67,1535
130,2289,3387,0.68,1713,294,5.83,630,296,2.13,804
131,4228,3227,1.31,3784,370,10.23,1160,401,2.89,1537
132,3117,6005,0.52,3772,389,9.70,1765,381,4.63,1773
133,12536,22367,0.56,14362,2297,6.25,6274,2017,3.11,5883
134,2506,4162,0.60,1990,361,5.51,905,311,2.91,963
135,2533,4603,0.55,2012,486,4.14,930,524,1.77,1051
136,4835,8501,0.57,8779,458,19.17,3102,424,7.32,3672
137,5829,8935,0.65,4270,724,5.90,2140,693,3.09,2148
138,1527,2016,0.76,2203,103,21.39,824,89,9.26,819
139,4523,7584,0.60,2577,908,2.84,1345,854,1.57,1384
140,3531,4001,0.88,2360,341,6.92,837,364,2.30,1118
141,1880,2685,0.70,1632,165,9.89,575,173,3.32,721
142,14296,15789,0.91,5629,1811,3.11,1953,1801,1.08,3000
143,8044,10944,0.74,5491,619,8.87,2645,556,4.76,2701
144,1260,1705,0.74,1497,139,10.77,618,130,4.75,631
145,3397,3733,0.91,3140,570,5.51,1138,524,2.17,1380
146,474,1163,0.41,1088,74,14.70,352,68,5.18,448
147,5575,9783,0.57,4348,765,5.68,1866,684,2.73,2468
148,5219,6462,0.81,6201,216,28.71,2460,199,12.36,2492
149,3780,5067,0.75,3907,167,23.40,1639,166,9.87,1635
150,2307,2841,0.81,3387,148,22.89,1042,147,7.09,1481
151,3410,6658,0.51,4268,368,11.60,1839,352,5.22,1867
152,2266,4196,0.54,1966,422,4.66,961,472,2.04,913
153,576,349,1.65,402,37,10.86,160,34,4.71,144
154,2954,3882,0.76,2693,284,9.48,1210,267,4.53,1261
155,1877,2765,0.68,2011,251,8.01,953,337,2.83,1014
156,5668,6279,0.90,3960,594,6.67,1604,564,2.84,1677
157,597,844,0.71,715,39,18.33,253,37,6.84,302
158,4436,10522,0.42,4686,862,5.44,2303,821,2.81,2327
159,7715,10830,0.71,6512,1030,6.32,2184,1095,1.99,2970
160,3931,7190,0.55,3445,838,4.11,1297,791,1.64,1847
161,6375,10181,0.63,5806,254,22.86,2144,232,9.24,2456
162,7676,8843,0.87,4618,829,5.57,1767,812,2.18,1909
163,2304,3843,0.60,2222,292,7.61,999,258,3.87,976
164,4265,9431,0.45,4816,854,5.64,1714,850,2.02,2338
165,1227,2000,0.61,1933,177,10.92,943,178,5.30,895
166,3732,5725,0.65,2105,400,5.26,736,378,1.95,929
167,2797,2920,0.96,2469,188,13.13,823,189,4.35,936
168,1535,2597,0.59,1022,262,3.90,533,247,2.16,367
169,1383,1395,0.99,1525,75,20.33,515,72,7.15,592
171,3493,5739,0.61,2849,454,6.28,1299,433,3,1175
172,2695,4067,0.66,2239,415,5.40,1192,417,2.86,858
173,2044,2245,0.91,1327,168,7.90,595,164,3.63,525
174,9815,20698,0.47,13889,1066,13.03,5567,991,5.62,6419
175,2200,4957,0.44,2327,409,5.69,972,392,2.48,953
176,8000,16811,0.48,8310,1095,7.59,3770,870,4.33,3886
177,736,1730,0.43,968,101,9.58,562,91,6.18,453
178,2207,2706,0.82,3001,247,12.15,1245,251,4.96,1318
179,1401,1700,0.82,1306,164,7.96,480,173,2.77,606
180,1178,1664,0.71,1609,105,15.32,525,99,5.30,718
181,11719,15979,0.73,5683,1468,3.87,2190,1600,1.37,2643
182,2338,4286,0.55,1786,454,3.93,799,433,1.85,989
183,2331,4086,0.57,3119,157,19.87,1129,129,8.75,1384
184,5310,6573,0.81,6191,335,18.48,1718,307,5.60,2478
185,3444,6488,0.53,3545,560,6.33,1749,515,3.40,1467
186,1089,2043,0.53,1577,86,18.34,587,88,6.67,661
187,3993,6419,0.62,5004,461,10.85,1681,484,3.47,2315
188,1329,2185,0.61,917,261,3.51,640,226,2.83,449
189,1509,2719,0.55,1358,245,5.54,549,275,2.00,548
190,5139,7124,0.72,4979,632,7.88,2044,555,3.68,2272
191,2009,2698,0.74,2200,150,14.67,681,147,4.63,1015
192,2046,3843,0.53,2355,395,5.96,994,366,2.72,1241
193,1661,2464,0.67,2115,74,28.58,821,75,10.95,805
194,7772,9292,0.84,5508,728,7.57,1938,727,2.67,2160
195,3220,5930,0.54,3001,552,5.44,1347,546,2.47,1477
196,688,1158,0.59,1088,39,27.90,396,29,13.66,382
197,4220,4743,0.89,3668,418,8.78,1200,418,2.87,1573
198,2886,3000,0.96,1786,310,5.76,612,366,1.67,730
199,2556,3491,0.73,2763,222,12.45,1192,205,5.81,1235
200,2549,4989,0.51,1781,633,2.81,1385,599,2.31,731
201,2825,4915,0.57,2564,357,7.18,1204,309,3.90,1222
202,5318,10358,0.51,6891,811,8.50,2769,716,3.87,3442
203,3351,4032,0.83,4284,256,16.73,1261,246,5.13,1655
204,1092,2197,0.50,1857,181,10.26,630,195,3.23,880
205,5839,7675,0.76,7661,575,13.32,2297,514,4.47,3272
206,1661,1994,0.83,1685,113,14.91,550,112,4.91,606
207,2948,2478,1.19,3640,84,43.33,915,89,10.28,1301
208,23333,43585,0.54,23691,4370,5.42,6305,4259,1.48,9625
209,6755,16839,0.40,6883,1702,4.04,4104,1637,2.51,3288
210,4139,4094,1.01,6183,488,12.67,1963,462,4.25,2709
211,4851,6388,0.76,4279,430,9.95,1566,445,3.52,1764
212,2731,6003,0.45,2396,558,4.29,1202,524,2.29,1167
213,3445,4082,0.84,2201,651,3.38,1013,620,1.63,1020
214,1053,2238,0.47,1132,145,7.81,628,142,4.42,573
215,2970,6994,0.42,2626,467,5.62,1236,406,3.04,1476
216,3367,7794,0.43,2396,548,4.37,1799,505,3.56,907
217,3851,6396,0.60,4541,575,7.90,1501,554,2.71,2014
218,10602,21707,0.49,18919,2674,7.08,6609,2633,2.51,8786
219,1947,4628,0.42,2293,133,17.24,1114,119,9.36,1069
220,2194,3001,0.73,2228,209,10.66,887,192,4.62,923
221,4126,8040,0.51,3554,630,5.64,1581,592,2.67,2185
222,1547,1270,1.22,2008,123,16.33,799,109,7.33,716
223,2842,3479,0.82,3244,267,12.15,874,244,3.58,1323
224,5531,6062,0.91,4384,416,10.54,1535,474,3.24,1608
225,1638,4350,0.38,1161,749,1.55,667,737,0.91,843
226,4671,6401,0.73,3480,910,3.82,1708,975,1.75,1520
227,8434,11557,0.73,13360,554,24.12,4016,500,8.03,5011
228,2740,3883,0.71,2998,272,11.02,1061,232,4.57,1202
229,4103,6271,0.65,4173,422,9.89,1287,377,3.41,1733
230,1975,5989,0.33,899,3039,0.30,1909,3310,0.58,397
231,1550,1579,0.98,1556,100,15.56,612,88,6.95,555
232,3159,4129,0.77,1722,475,3.63,742,571,1.30,760
233,771,1009,0.76,972,56,17.36,353,59,5.98,465
234,5061,3562,1.42,4431,591,7.50,1218,541,2.25,1887
235,7479,10597,0.71,8003,1097,7.30,2483,1044,2.38,3652
236,4038,6034,0.67,2357,786,3.00,1296,780,1.66,946
237,1117,1761,0.63,1444,184,7.85,439,196,2.24,537
238,1889,3368,0.56,2354,234,10.06,884,203,4.35,977
239,1568,2374,0.66,2048,170,12.05,861,156,5.52,1027
240,2119,4040,0.52,1689,361,4.68,962,346,2.78,771
241,6450,8790,0.73,5395,811,6.65,1648,823,2.00,2669
242,9322,16057,0.58,9614,975,9.86,3793,857,4.43,4441
243,4069,3063,1.33,3089,306,10.09,891,330,2.7,1183
244,3742,5304,0.71,2990,478,6.26,1086,448,2.42,1418
245,1531,2546,0.60,959,220,4.36,484,228,2.12,410
246,3624,4408,0.82,3753,414,9.07,1409,383,3.68,1722
247,3384,5537,0.61,2698,672,4.01,1222,642,1.90,1455
248,839,1089,0.77,1260,84,15,428,73,5.86,494
249,5657,5610,1.01,3113,528,5.90,1289,596,2.16,1327
250,4979,6042,0.82,4732,497,9.52,1693,495,3.42,2076
251,1364,1437,0.95,1532,80,19.15,536,90,5.96,580
252,1434,2320,0.62,1575,176,8.95,496,169,2.93,657
253,1964,3568,0.55,1677,460,3.65,785,426,1.84,892
254,1016,1572,0.65,689,105,6.56,314,101,3.11,392
255,5186,5950,0.87,5037,639,7.88,1857,597,3.11,2155
256,1873,2487,0.75,1732,384,4.51,790,377,2.10,817
257,2285,4328,0.53,2709,408,6.64,1551,398,3.90,1240
258,6004,5823,1.03,3205,250,12.82,1163,226,5.15,1465
259,4979,8668,0.57,4429,1217,3.64,1949,1163,1.68,2081
260,4336,6871,0.63,6955,617,11.27,2542,547,4.65,2800
261,2137,3694,0.58,2212,211,10.48,918,193,4.76,1114
262,2270,2590,0.88,1801,332,5.42,613,317,1.93,773
263,3783,9250,0.41,4116,714,5.76,2021,678,2.98,1994
264,965,874,1.10,796,62,12.84,249,60,4.15,316
265,2634,5198,0.51,2078,466,4.46,1114,437,2.55,939
266,5199,5536,0.94,4419,412,10.73,1280,423,3.03,1826
267,665,1332,0.50,472,115,4.10,201,116,1.73,272
268,2419,3560,0.68,1212,397,3.05,757,405,1.87,719
269,3205,1722,1.86,2015,152,13.26,642,145,4.43,769
270,2543,3758,0.68,2754,186,14.81,1075,200,5.38,1144
271,1882,3562,0.53,1497,366,4.09,643,371,1.73,825
272,7459,9720,0.77,15821,983,16.09,5509,839,6.57,7186
273,8081,15191,0.53,7462,977,7.64,3844,927,4.15,3008
274,17932,15269,1.17,13803,1295,10.66,4151,1230,3.37,5021
275,6451,13053,0.49,6390,678,9.42,3057,564,5.42,3019
276,7270,7718,0.94,3393,1146,2.96,1567,1218,1.29,1481
277,5673,10775,0.53,5460,1562,3.50,2018,1512,1.33,3331
278,5702,9367,0.61,2468,647,3.81,1056,620,1.70,1230
279,8374,8723,0.96,5713,451,12.67,2240,394,5.69,1599
280,4557,7667,0.59,4678,428,10.93,2261,418,5.41,2298
281,1153,2472,0.47,1552,209,7.43,791,188,4.21,737
282,1705,3572,0.48,1356,649,2.09,854,776,1.10,821
283,7972,14046,0.57,7948,1244,6.39,2671,1209,2.21,4088
284,2950,3658,0.81,2007,247,8.13,707,251,2.82,823
285,3796,7458,0.51,3425,715,4.79,1341,675,1.99,1750
286,3244,5562,0.58,2768,620,4.46,1378,572,2.41,1321
287,1637,1175,1.39,3190,43,74.19,1183,40,29.58,1085
288,2113,3925,0.54,2995,189,15.85,1030,164,6.28,1263
289,4597,5591,0.82,4985,251,19.86,1856,219,8.47,1852
290,1158,3503,0.33,471,488,0.97,417,488,0.85,334
291,2055,3527,0.58,2018,452,4.46,793,433,1.83,754
292,3110,6756,0.46,5217,168,31.05,2105,162,12.99,2226
293,24881,20802,1.20,14236,2383,5.97,3866,2237,1.73,4847
294,1744,1788,0.98,1378,226,6.10,454,241,1.88,608
295,5824,9889,0.59,4424,755,5.86,1723,719,2.40,2056
296,844,1881,0.45,1177,193,6.10,510,205,2.49,730
297,2027,3770,0.54,1736,566,3.07,787,583,1.35,1057
298,1063,2365,0.45,2719,134,20.29,862,117,7.37,1096
299,3963,6250,0.63,3522,351,10.03,1490,304,4.90,1554
300,2551,3294,0.77,2369,341,6.95,863,336,2.57,1005
301,3277,3931,0.83,2314,365,6.34,839,350,2.40,968
302,3682,7105,0.52,3727,725,5.14,1704,755,2.26,1819
303,2567,2736,0.94,3356,294,11.41,1014,262,3.87,1415
304,3729,4451,0.84,2341,415,5.64,1076,392,2.74,1002
305,3005,5157,0.58,3379,267,12.66,1513,220,6.88,1499
306,5668,9004,0.63,7855,513,15.31,2973,507,5.86,4097
307,2733,4971,0.55,1793,438,4.09,819,468,1.75,900
308,5370,7013,0.77,4470,837,5.34,1595,763,2.09,1931
309,813,1983,0.41,2174,156,13.94,845,140,6.04,1056
310,2588,2890,0.90,3201,145,22.08,1065,151,7.05,1361
311,1943,2118,0.92,1035,279,3.71,476,265,1.80,455
312,124,167,0.74,158,14,11.29,48,18,2.67,61
313,2849,5887,0.48,2531,681,3.72,1649,655,2.52,1038
314,3479,4383,0.79,3469,509,6.82,1039,493,2.11,1434
315,2504,2774,0.90,3456,203,17.02,1122,203,5.53,1508
316,3564,8966,0.40,3935,714,5.51,2309,621,3.72,1757
317,1024,1213,0.84,1189,154,7.72,345,156,2.21,494
318,2207,6611,0.33,2249,850,2.65,1976,728,2.71,1561
319,5271,7725,0.68,5703,492,11.59,1960,466,4.21,2565
320,3556,6455,0.55,4833,376,12.85,1789,384,4.66,1824
321,6824,9020,0.76,4003,950,4.21,1599,920,1.74,1571
322,9707,13385,0.73,5659,1339,4.23,2162,1315,1.64,2358
323,1551,4202,0.37,2198,158,13.91,1228,136,9.03,1324
324,661,1196,0.55,986,130,7.58,378,153,2.47,401
325,2824,4010,0.70,2584,228,11.33,1014,200,5.07,1228
326,1266,2126,0.60,836,289,2.89,512,264,1.94,443
327,3606,6345,0.57,2389,637,3.75,1585,614,2.58,1051
328,4190,7616,0.55,6083,460,13.22,2170,448,4.84,2555
329,2066,3338,0.62,3158,168,18.80,1142,124,9.21,903
330,2355,2318,1.02,2457,166,14.80,748,177,4.23,851
331,3999,3323,1.20,2045,399,5.13,796,391,2.04,665
332,2512,4236,0.59,2351,613,3.84,875,584,1.50,1255
333,3451,4172,0.83,2131,421,5.06,788,431,1.83,997
334,3473,6449,0.54,2847,546,5.21,1513,593,2.55,1236
335,14204,17843,0.80,5839,2536,2.30,2155,2531,0.85,2652
336,1017,2865,0.35,2156,431,5.00,1085,364,2.98,1026
337,1053,2351,0.45,892,284,3.14,550,263,2.09,724
338,1086,1722,0.63,980,178,5.51,529,163,3.25,453
339,4893,7192,0.68,12855,556,23.12,3805,492,7.73,4677
340,1627,2333,0.70,1972,173,11.40,623,166,3.75,762
341,2964,4296,0.69,2027,354,5.73,933,352,2.65,900
342,1687,2809,0.60,1879,240,7.83,634,305,2.08,911
343,2223,3673,0.61,2299,654,3.52,788,657,1.20,1202
344,3814,5210,0.73,4335,495,8.76,1345,482,2.79,2126
345,1140,2040,0.56,696,288,2.42,385,303,1.27,292
346,1247,2873,0.43,1503,325,4.62,561,365,1.54,804
347,6977,6698,1.04,4126,681,6.06,1536,662,2.32,1833
348,2371,4759,0.50,2421,472,5.13,841,450,1.87,1122
349,618,892,0.69,870,39,22.31,341,42,8.12,330
350,1760,3180,0.55,1461,391,3.74,646,380,1.7,828
351,7859,8837,0.89,5780,557,10.38,1835,492,3.73,2481
352,5351,4840,1.11,4217,413,10.21,1235,456,2.71,1648
353,1996,2326,0.86,1944,136,14.29,663,118,5.62,724
354,5738,4371,1.31,4219,310,13.61,1410,300,4.7,1751
355,1624,2134,0.76,1759,193,9.11,645,190,3.39,708
356,6779,7394,0.92,5514,612,9.01,1771,623,2.84,2382
357,2282,1974,1.16,2368,119,19.90,681,103,6.61,975
358,1968,3608,0.55,1137,398,2.86,821,353,2.33,611
359,5376,7014,0.77,5832,511,11.41,1845,499,3.70,2297
360,2174,4080,0.53,2569,213,12.06,1274,193,6.60,1136
361,1097,1248,0.88,1102,114,9.67,394,125,3.15,400
362,5140,6067,0.85,5330,643,8.29,1742,577,3.02,1273
363,2589,4373,0.59,2527,357,7.08,1108,366,3.03,1269
364,9661,12164,0.79,9146,1193,7.67,3224,1062,3.04,4085
365,1029,1426,0.72,1495,27,55.37,495,25,19.8,514
366,4262,7115,0.60,2513,572,4.39,1532,526,2.91,979
367,1676,3601,0.47,1854,362,5.12,1090,313,3.48,769
368,5963,9120,0.65,6623,514,12.89,2687,472,5.69,2446
369,6560,11722,0.56,5411,1613,3.35,1846,1721,1.07,2260
370,4147,7352,0.56,1673,460,3.64,753,460,1.64,981
371,2247,3158,0.71,1681,380,4.42,550,379,1.45,904
372,3867,6326,0.61,5142,389,13.22,1960,314,6.24,2311
373,3066,4496,0.68,2336,377,6.20,955,331,2.89,831
374,6955,7624,0.91,3674,735,5.00,1622,834,1.94,1624
375,1101,1619,0.68,1116,124,9,477,111,4.30,514
376,8390,9062,0.93,5609,1513,3.71,1719,1712,1.00,3148
377,893,1437,0.62,2091,87,24.03,614,99,6.20,880
378,7532,9860,0.76,6928,528,13.12,2903,541,5.37,3111
379,5090,4768,1.07,3476,376,9.24,1482,393,3.77,1420
380,8362,7698,1.09,3916,499,7.85,1428,443,3.22,1361
381,2916,5198,0.56,3398,507,6.70,1303,474,2.75,1448
382,1791,4586,0.39,1339,278,4.82,835,320,2.61,531
383,1706,2534,0.67,1716,239,7.18,749,207,3.62,707
384,3050,4557,0.67,3263,275,11.87,1210,267,4.53,1368
385,4758,7891,0.60,3187,1039,3.07,1342,1101,1.22,1343
386,1859,2592,0.72,1436,271,5.30,969,268,3.62,516
387,4608,7002,0.66,2687,481,5.59,1136,479,2.37,1150
388,4174,5022,0.83,3245,510,6.36,1494,497,3.01,1382
389,1987,3188,0.62,1449,241,6.01,665,227,2.93,573
390,6547,7586,0.86,5245,810,6.48,1929,844,2.29,2179
391,920,734,1.25,1128,63,17.90,343,73,4.70,444
392,3045,3741,0.81,2072,381,5.44,752,369,2.04,809
393,5169,7118,0.73,3518,751,4.68,1381,734,1.88,1755
394,6198,4646,1.33,3570,326,10.95,1491,282,5.29,1296
395,1490,2190,0.68,1405,151,9.30,531,146,3.64,686
396,2507,4529,0.55,2394,414,5.78,1007,380,2.65,1137
397,4248,8019,0.53,2370,1012,2.34,817,982,0.83,1319
398,1221,2198,0.56,1756,71,24.73,745,58,12.84,751
399,2667,7225,0.37,1389,611,2.27,1048,568,1.85,631
400,4902,8520,0.58,4060,899,4.52,1573,843,1.87,1934
401,4394,11587,0.38,9848,1676,5.88,4536,1366,3.32,5200
402,3156,5413,0.58,3560,539,6.60,1398,557,2.51,1775
403,5090,6681,0.76,2960,639,4.63,1043,595,1.75,1300
404,2885,3639,0.79,1426,410,3.48,465,407,1.14,712
405,6830,8553,0.80,4219,1139,3.70,1191,1135,1.05,1928
406,320,461,0.69,1047,16,65.44,293,15,19.53,382
407,3535,2058,1.72,2336,196,11.92,563,196,2.87,966
408,4344,4959,0.88,3660,766,4.78,1320,720,1.83,1650
409,8407,11877,0.71,5392,1219,4.42,2281,1221,1.87,3265
410,2731,5550,0.49,2928,459,6.38,1404,406,3.46,1364
411,925,1662,0.56,931,156,5.97,470,196,2.40,468
412,4004,7395,0.54,3343,740,4.52,1154,721,1.60,1695
413,5929,8405,0.71,5029,505,9.96,1577,507,3.11,2199
414,3795,6625,0.57,3062,451,6.79,1270,405,3.14,1904
415,3082,5652,0.55,3713,357,10.40,1360,418,3.25,1467
416,5016,5428,0.92,4740,556,8.53,1655,516,3.21,1895
417,1535,2796,0.55,1789,123,14.54,810,107,7.57,897
418,7326,10016,0.73,4684,1042,4.50,1498,1041,1.44,2243
419,2368,3266,0.73,1759,432,4.07,721,414,1.74,816
420,3566,5699,0.63,5241,128,40.95,1968,102,19.29,2195
421,1853,1882,0.98,1558,94,16.57,699,75,9.32,721
422,1300,2030,0.64,1528,150,10.19,688,160,4.3,696
423,3520,7901,0.45,3483,1016,3.43,2130,942,2.26,1780
424,1022,2019,0.51,958,187,5.12,529,204,2.59,443
425,2788,2454,1.14,3061,360,8.50,1146,355,3.23,1123
426,1663,2261,0.74,1871,181,10.34,642,194,3.31,779
427,538,676,0.80,576,64,9,223,64,3.48,253
428,1710,3877,0.44,1156,445,2.60,716,422,1.70,600
429,2530,4694,0.54,1806,423,4.27,692,405,1.71,546
430,781,1266,0.62,864,152,5.68,535,161,3.32,284
431,1705,1250,1.36,1939,57,34.02,620,51,12.16,748
432,5759,9041,0.64,10093,666,15.15,2796,640,4.37,3964
433,1128,1359,0.83,1047,100,10.47,392,87,4.51,456
434,934,1937,0.48,1074,139,7.73,489,129,3.79,509
435,6014,6655,0.90,3799,643,5.91,1297,616,2.11,1699
436,3321,6139,0.54,1800,682,2.64,831,636,1.31,1001
437,1098,2236,0.49,1684,265,6.35,661,269,2.46,809
438,1621,2400,0.68,1367,229,5.97,528,252,2.10,624
439,2960,4487,0.66,2808,345,8.14,1212,384,3.16,1386
440,1844,1951,0.95,1703,183,9.31,515,195,2.64,834
441,3515,6545,0.54,3379,588,5.75,1521,575,2.65,1533
443,4183,7114,0.59,2955,639,4.62,1466,659,2.22,1224
444,2779,1898,1.46,1748,317,5.51,551,299,1.84,706
445,7185,8275,0.87,6655,673,9.89,1836,654,2.81,2688
446,1680,2557,0.66,1611,240,6.71,639,237,2.70,695
447,1974,3069,0.64,1455,304,4.79,509,301,1.69,585
448,4170,5137,0.81,3251,403,8.07,1161,410,2.83,1522
449,2416,4664,0.52,1465,346,4.23,724,330,2.19,755
450,5102,8660,0.59,3295,703,4.69,1429,737,1.94,1573
451,2455,3348,0.73,2040,415,4.92,841,428,1.96,782
452,872,1642,0.53,1139,154,7.40,502,157,3.20,537
453,2131,5160,0.41,2157,378,5.71,1231,333,3.70,1037
454,3437,4968,0.69,3260,526,6.20,1243,523,2.38,1855
455,1741,3548,0.49,1427,361,3.95,602,386,1.56,665
456,4313,5874,0.73,3258,513,6.35,1389,472,2.94,1494
457,1439,3213,0.45,1304,175,7.45,604,161,3.75,561
458,6576,11614,0.57,8942,721,12.40,3440,672,5.12,3216
459,3145,4017,0.78,2610,364,7.17,955,344,2.78,918
460,1983,1814,1.09,2189,176,12.44,718,197,3.64,866
461,1137,1372,0.83,1722,145,11.88,630,136,4.63,708
462,4044,5360,0.75,2420,450,5.38,1147,427,2.69,1102
463,6234,10832,0.58,4279,1072,3.99,1811,1083,1.67,2287
464,3609,8021,0.45,2729,1045,2.61,1182,1128,1.05,1665
465,253,326,0.78,531,12,44.25,189,8,23.63,187
466,6297,9365,0.67,5053,855,5.91,2099,794,2.64,2363
467,2413,3554,0.68,3566,291,12.25,1433,254,5.64,1530
468,4187,4880,0.86,4266,442,9.65,1892,442,4.28,1686
469,1037,1038,1.00,1133,46,24.63,460,45,10.22,522
470,727,1479,0.49,1132,100,11.32,472,82,5.76,485
471,6119,8071,0.76,4793,958,5.00,1614,941,1.72,2467
472,1937,1726,1.12,1598,96,16.65,517,77,6.71,604
473,3908,7122,0.55,5570,949,5.87,2448,864,2.83,2740
474,4600,9384,0.49,3039,882,3.45,1298,846,1.53,1530
475,5116,4333,1.18,1946,340,5.72,951,337,2.82,665
476,744,1094,0.68,1117,111,10.06,452,116,3.90,533
477,2621,2576,1.02,2292,289,7.93,734,285,2.58,921
478,8042,8491,0.95,4413,1004,4.40,1234,990,1.25,2034
479,1512,2568,0.59,1188,307,3.87,615,302,2.04,577
480,3688,7776,0.47,3102,734,4.23,1332,760,1.75,1605
481,2595,5487,0.47,2433,587,4.14,1411,588,2.40,1391
482,875,1594,0.55,1324,73,18.14,546,76,7.18,582
483,2096,2770,0.76,1488,149,9.99,663,137,4.84,585
484,2622,3071,0.85,1743,484,3.60,686,490,1.4,784
485,1501,2393,0.63,963,213,4.52,292,223,1.31,529
486,1027,1369,0.75,1126,85,13.25,385,85,4.53,482
487,1448,3144,0.46,1732,219,7.91,840,245,3.43,832
488,3495,5120,0.68,1679,425,3.95,709,454,1.56,764
489,4674,7920,0.59,3538,424,8.34,1559,410,3.80,1413
490,4676,5799,0.81,3963,648,6.12,1379,696,1.98,1804
491,3121,3628,0.86,2591,135,19.19,831,126,6.60,1213
492,3323,5475,0.61,1865,593,3.15,798,631,1.26,879
493,3425,4430,0.77,1760,361,4.88,787,334,2.36,671
494,2264,2832,0.80,2563,293,8.75,761,304,2.50,1044
495,1113,1460,0.76,1603,145,11.06,577,143,4.03,705
496,2915,5830,0.5,3208,399,8.04,1203,415,2.90,1526
497,2038,3784,0.54,2143,264,8.12,1040,267,3.90,641
498,5946,5615,1.06,3221,682,4.72,1308,645,2.03,1381
499,7466,4904,1.52,3051,448,6.81,1225,425,2.88,1023
500,2675,3330,0.80,2290,293,7.82,626,313,2,973
501,872,1685,0.52,536,187,2.87,266,197,1.35,240
502,893,1068,0.84,976,126,7.75,416,135,3.08,401
503,1604,1635,0.98,1157,290,3.99,300,302,0.99,581
504,1680,2530,0.66,1468,198,7.41,653,195,3.35,632
505,757,828,0.91,1303,44,29.61,424,41,10.34,534
506,3288,3702,0.89,2051,379,5.41,748,410,1.82,742
507,1175,2046,0.57,822,190,4.33,363,204,1.78,346
508,1935,2064,0.94,1941,104,18.66,738,86,8.58,764
509,4463,3759,1.19,2412,246,9.80,882,227,3.89,1092
510,3935,4780,0.82,3469,650,5.34,1286,668,1.93,1776
511,5057,7822,0.65,4286,1081,3.96,1578,1065,1.48,2055
512,2256,1897,1.19,1675,190,8.82,531,205,2.59,824
513,3294,4910,0.67,3899,277,14.08,1464,230,6.37,1561
514,3523,5194,0.68,3795,346,10.97,1191,311,3.83,1436
515,2934,6591,0.45,3104,342,9.08,1482,296,5.01,1198
516,2880,2350,1.23,2234,261,8.56,520,242,2.15,856
517,4467,3931,1.14,4310,250,17.24,1267,222,5.71,1394
518,1182,2594,0.46,1074,115,9.34,639,84,7.61,474
519,6858,9063,0.76,2809,933,3.01,1275,992,1.29,1287
520,3709,6208,0.60,1858,704,2.64,651,694,0.94,902
521,3213,4478,0.72,3888,370,10.51,1203,357,3.37,1566
522,2163,2582,0.84,1741,211,8.25,635,202,3.14,820
523,955,1559,0.61,1403,147,9.54,614,126,4.87,583
524,564,1052,0.54,835,127,6.57,351,114,3.08,435
525,3959,4391,0.90,3507,179,19.59,1332,174,7.66,1380
526,4942,7183,0.69,3203,831,3.85,1204,805,1.50,1373
527,1444,1282,1.13,1362,175,7.78,522,158,3.30,396
528,846,2362,0.36,734,320,2.29,414,357,1.16,436
529,2877,4424,0.65,2215,481,4.60,982,521,1.88,1187
530,3730,5987,0.62,1751,411,4.26,1017,394,2.58,756
531,2157,3706,0.58,2130,220,9.68,878,216,4.06,1017
532,995,2485,0.40,744,237,3.14,466,214,2.18,352
533,960,992,0.97,1060,64,16.56,387,56,6.91,435
534,2615,5908,0.44,2311,688,3.36,1155,631,1.83,1461
535,2847,4161,0.68,2173,366,5.94,798,357,2.24,1177
536,4535,9352,0.48,5254,493,10.66,2389,463,5.16,2398
537,2543,5132,0.50,2769,719,3.85,927,711,1.30,1294
538,5354,7114,0.75,4065,588,6.91,1439,538,2.67,1984
539,2986,4011,0.74,4034,234,17.24,1225,227,5.40,1681
540,4807,3310,1.45,2888,438,6.59,834,434,1.92,1056
541,2972,4646,0.64,2534,629,4.03,889,572,1.55,1079
542,2000,2453,0.82,1857,411,4.52,666,379,1.76,908
543,6255,9579,0.65,5960,696,8.56,2095,657,3.19,2729
544,2981,2469,1.21,2835,136,20.85,804,133,6.05,1177
545,1364,2074,0.66,737,234,3.15,298,269,1.11,283
546,2810,3727,0.75,2173,445,4.88,764,408,1.87,978
547,2417,3959,0.61,1660,367,4.52,667,348,1.92,729
548,1112,1188,0.94,1647,18,91.5,572,14,40.86,640
549,5485,8718,0.63,4217,624,6.76,2077,528,3.93,1932
550,2170,2580,0.84,1786,201,8.89,583,249,2.34,808
551,911,2675,0.34,1239,196,6.32,574,227,2.53,621
552,2184,2769,0.79,1428,239,5.97,648,229,2.83,601
553,2155,4082,0.53,3875,175,22.14,1945,163,11.93,2016
554,1745,3740,0.47,1750,302,5.79,865,260,3.33,959
555,9194,8279,1.11,4578,604,7.58,1395,632,2.21,1949
556,2314,3757,0.62,2476,262,9.45,1257,411,3.06,1214
557,1916,2255,0.85,1855,185,10.03,527,186,2.83,707
558,8757,10559,0.83,4037,1557,2.59,1878,1477,1.27,1799
559,2681,2682,1.00,2160,184,11.74,791,187,4.23,882
560,2763,3924,0.70,1839,395,4.66,683,437,1.56,1044
561,1069,2344,0.46,1281,136,9.42,681,120,5.68,579
562,892,2161,0.41,904,219,4.13,482,208,2.32,480
563,2150,5645,0.38,3710,241,15.39,1366,307,4.45,2169
564,3705,5033,0.74,1777,760,2.34,831,789,1.05,641
565,3416,7392,0.46,3105,679,4.57,1312,728,1.80,2013
566,3939,10880,0.36,4726,969,4.88,2178,911,2.39,2339
567,4644,8377,0.55,3919,692,5.66,1625,622,2.61,1660
568,11423,14605,0.78,7585,1500,5.06,2099,1563,1.34,3908
569,2915,3165,0.92,1345,271,4.96,440,262,1.68,552
570,3006,4662,0.64,1755,233,7.53,1008,229,4.40,707
571,3592,4086,0.88,2284,366,6.24,971,455,2.13,948
572,632,735,0.86,1621,14,115.79,512,12,42.67,584
573,4629,8436,0.55,6581,506,13.01,2276,443,5.14,2925
574,9195,8849,1.04,3424,1592,2.15,1375,1788,0.77,1623
575,6327,10667,0.59,2997,997,3.01,1198,1212,0.99,1538
576,2354,4927,0.48,1936,495,3.91,1003,484,2.07,908
577,2705,5556,0.49,1682,572,2.94,1032,560,1.84,1006
578,9294,10373,0.90,4737,1357,3.49,1543,1344,1.15,2632
579,1538,2108,0.73,1386,95,14.59,661,88,7.51,641
580,2405,4658,0.52,2030,314,6.46,837,303,2.76,1135
581,2283,2572,0.89,2644,181,14.61,837,185,4.52,1240
582,818,1285,0.64,973,125,7.78,355,130,2.73,424
583,2848,4240,0.67,2325,563,4.13,652,593,1.10,1365
584,2047,1980,1.03,1429,183,7.81,492,175,2.81,598
585,1165,1113,1.05,542,117,4.63,205,117,1.75,232
586,3660,7362,0.50,2208,632,3.49,1123,591,1.90,980
587,2045,4158,0.49,1492,529,2.82,850,609,1.40,777
588,1369,3867,0.35,993,349,2.85,670,351,1.91,546
589,2458,3890,0.63,1899,507,3.75,807,470,1.72,869
590,2629,3726,0.71,2429,275,8.83,821,270,3.04,1012
591,782,867,0.90,902,133,6.78,344,126,2.73,430
592,2589,4558,0.57,2768,474,5.84,1127,432,2.61,1120
593,1398,1766,0.79,1629,119,13.69,608,107,5.68,638
594,4627,4739,0.98,2788,363,7.68,1069,354,3.02,1160
595,3252,5192,0.63,2186,392,5.58,1017,450,2.26,1058
596,2447,4513,0.54,2319,434,5.34,884,459,1.93,1010
597,1633,1801,0.91,1699,136,12.49,617,119,5.18,732
598,2167,3614,0.60,1736,290,5.99,726,268,2.71,709
599,1328,1693,0.78,1264,175,7.22,453,148,3.06,565
600,6283,8577,0.73,4016,1013,3.96,1539,1043,1.48,1585
601,3766,7043,0.53,2436,737,3.31,1582,717,2.21,1163
602,2979,5718,0.52,2333,556,4.20,1143,559,2.04,1090
603,1111,2720,0.41,1916,198,9.68,661,169,3.91,955
604,2989,4679,0.64,4024,175,22.99,1425,157,9.08,2098
605,2545,5421,0.47,2505,506,4.95,1123,478,2.35,1243
606,2868,3345,0.86,2151,308,6.98,673,313,2.15,865
607,443,674,0.66,462,45,10.27,232,46,5.04,188
608,850,1376,0.62,924,171,5.40,543,148,3.67,458
609,2840,3885,0.73,1627,415,3.92,784,473,1.66,643
610,182,326,0.56,289,43,6.72,117,39,3,136
611,9373,13426,0.70,4434,1725,2.57,1562,1747,0.89,2053
612,3128,2726,1.15,2138,243,8.80,607,243,2.50,902
613,4931,6771,0.73,2693,629,4.28,816,621,1.31,1049
614,4710,3914,1.20,2698,266,10.14,1002,243,4.12,959
615,2061,3521,0.59,2714,257,10.56,992,250,3.97,1043
616,2162,2227,0.97,1089,119,9.15,376,113,3.33,377
617,5354,5166,1.04,2970,292,10.17,940,315,2.98,1227
618,4310,2883,1.49,3388,214,15.83,910,226,4.03,1304
619,457,412,1.11,643,31,20.74,199,33,6.03,250
620,5889,6698,0.88,5152,491,10.49,1804,439,4.11,1741
621,818,2184,0.37,460,309,1.49,265,317,0.84,261
622,1843,1860,0.99,1928,143,13.48,620,185,3.35,754
623,4814,8135,0.59,3265,689,4.74,1304,767,1.70,1634
624,4977,6160,0.81,4410,559,7.89,1664,549,3.03,1743
625,403,806,0.5,630,16,39.38,272,11,24.73,220
626,5111,8003,0.64,3819,869,4.39,1764,761,2.32,1508
627,2180,4055,0.54,2378,218,10.91,1015,198,5.13,1048
628,1918,3306,0.58,2167,211,10.27,928,187,4.96,1009
629,5187,6181,0.84,3000,536,5.60,934,587,1.59,1332
630,2163,3129,0.69,2478,151,16.41,933,119,7.84,898
631,262,449,0.58,183,62,2.95,81,78,1.04,93
632,1751,4595,0.38,1599,693,2.31,691,655,1.05,1106
633,1254,1660,0.76,1336,160,8.35,457,172,2.66,595
634,7665,6130,1.25,3280,787,4.17,1524,791,1.93,1022
635,5694,5594,1.02,3227,1389,2.32,1250,1469,0.85,1496
636,2381,4238,0.56,1392,440,3.16,760,435,1.75,587
637,2916,3279,0.89,5380,59,91.19,1691,48,35.23,2174
638,1876,2750,0.68,1924,156,12.33,799,133,6.01,718
639,10155,13040,0.78,5699,1537,3.71,2020,1495,1.35,2586
640,1110,1712,0.65,1933,133,14.53,565,129,4.38,768
641,2695,3097,0.87,1950,289,6.75,696,281,2.48,757
642,1156,1993,0.58,1171,293,4.00,554,313,1.77,404
643,630,757,0.83,555,72,7.71,177,68,2.60,244
644,2384,4184,0.57,1274,470,2.71,742,442,1.68,631
645,1083,1112,0.97,1488,61,24.39,534,52,10.27,595
647,3652,4315,0.85,2696,503,5.36,1413,512,2.76,1137
648,1674,3524,0.48,1870,202,9.26,834,203,4.11,923
649,13388,20884,0.64,7395,2210,3.35,2052,2233,0.92,3868
650,2342,4884,0.48,1685,539,3.13,800,537,1.49,801
651,3156,5334,0.59,3421,300,11.40,1425,270,5.28,1550
652,1372,2582,0.53,1433,219,6.54,655,218,3.00,801
653,3771,4070,0.93,1910,277,6.90,794,256,3.10,829
654,1748,2758,0.63,1252,256,4.89,654,265,2.47,448
655,1113,3316,0.34,1142,352,3.24,603,414,1.46,618
656,2862,2137,1.34,2438,200,12.19,684,198,3.45,1072
657,2243,3364,0.67,2019,201,10.04,677,212,3.19,862
658,4757,6561,0.73,2425,737,3.29,1101,702,1.57,1054
659,2373,2375,1.00,2397,219,10.95,688,188,3.66,1157
660,2255,3021,0.75,1052,386,2.73,373,454,0.82,601
661,6715,12489,0.54,6141,578,10.62,2680,478,5.61,2871
662,3976,5707,0.70,2972,375,7.93,1055,396,2.66,1251
663,2994,6686,0.45,2663,627,4.25,1221,613,1.99,996
664,2548,3701,0.69,2625,233,11.27,1077,185,5.82,1060
665,5055,6320,0.80,3084,853,3.62,1210,798,1.52,1552
666,2349,2808,0.84,2431,383,6.35,869,376,2.31,931
667,1870,2758,0.68,1353,404,3.35,643,418,1.54,654
668,4027,7366,0.55,2135,1219,1.75,885,1199,0.74,1371
669,2904,3294,0.88,2294,373,6.15,770,357,2.16,974
670,5067,8769,0.58,3460,716,4.83,1373,729,1.88,1713
671,514,1105,0.47,800,138,5.80,425,136,3.13,450
672,2949,3468,0.85,2481,286,8.67,788,270,2.92,1071
673,2863,4246,0.67,2566,471,5.45,846,547,1.55,1330
674,1457,2363,0.62,1267,210,6.03,511,199,2.57,512
675,2105,2900,0.73,2167,155,13.98,850,151,5.63,971
676,3838,6734,0.57,2090,1037,2.02,1079,1057,1.02,1596
677,2793,2939,0.95,2708,507,5.34,884,561,1.58,1520
678,1923,2797,0.69,1313,453,2.90,824,454,1.81,764
679,5446,5446,1,3053,543,5.62,959,554,1.73,1397
680,5152,5687,0.91,4592,784,5.86,1507,737,2.04,2272
681,3283,3574,0.92,2148,308,6.97,886,300,2.95,835
682,5503,9613,0.57,2374,1328,1.79,1260,1388,0.91,1101
683,1843,3289,0.56,1376,356,3.87,818,347,2.36,770
684,2350,3592,0.65,2593,202,12.84,1133,158,7.17,948
685,910,1853,0.49,901,151,5.97,398,147,2.71,527
686,1259,1880,0.67,2253,16,140.81,806,12,67.17,845
687,3055,4208,0.73,2168,574,3.78,1050,506,2.08,977
688,5193,9419,0.55,4309,636,6.78,1854,586,3.16,2080
689,2457,4607,0.53,2478,419,5.91,1278,372,3.44,1180
690,3341,7939,0.42,2203,736,2.99,1220,681,1.79,1199
691,1526,3196,0.48,1032,311,3.32,464,340,1.36,594
692,4484,4931,0.91,3390,435,7.79,1308,390,3.35,1871
693,765,1115,0.69,1165,71,16.41,359,88,4.08,481
694,3577,6355,0.56,2064,712,2.90,918,663,1.38,1152
695,5424,6477,0.84,4095,729,5.62,1260,735,1.71,1971
696,3589,3245,1.11,2640,414,6.38,857,399,2.15,1151
697,431,705,0.61,950,29,32.76,270,41,6.59,376
698,1987,1793,1.11,728,179,4.07,308,180,1.71,370
699,1308,2707,0.48,1410,263,5.36,576,256,2.25,626
700,2051,2706,0.76,2361,82,28.79,859,78,11.01,828
701,1900,2266,0.84,1855,127,14.61,643,118,5.45,717
702,7215,9833,0.73,5973,853,7.00,1884,840,2.24,2558
703,2984,3819,0.78,1809,381,4.75,835,384,2.17,792
704,2819,5054,0.56,3557,228,15.60,1246,198,6.29,1472
705,3115,3629,0.86,1927,496,3.89,605,570,1.06,827
706,5883,9051,0.65,3269,1531,2.14,1280,1488,0.86,2003
707,750,1004,0.75,1705,22,77.5,670,25,26.8,683
708,726,1100,0.66,1013,46,22.02,289,44,6.57,379
709,3423,4239,0.81,2601,505,5.15,954,549,1.74,1455
710,2875,3734,0.77,2784,233,11.95,873,238,3.67,1212
711,1019,2665,0.38,1047,89,11.76,688,90,7.64,454
712,1289,2476,0.52,504,306,1.65,512,319,1.61,164
713,933,1362,0.69,1163,124,9.38,326,122,2.67,471
714,1694,2582,0.66,2250,58,38.79,896,39,22.97,820
715,4295,6213,0.69,3200,610,5.25,1254,599,2.09,1470
716,2076,4349,0.48,1961,401,4.89,890,446,2.00,1208
717,1815,2061,0.88,1080,350,3.09,444,407,1.09,540
718,3420,2566,1.33,2968,211,14.07,767,210,3.65,1116
719,2038,3395,0.60,2733,86,31.78,1087,74,14.69,1016
720,615,1261,0.49,1141,114,10.01,575,104,5.53,540
721,1747,1809,0.97,1200,304,3.95,458,300,1.53,549
722,6841,8526,0.80,6380,722,8.84,2214,696,3.18,2612
723,1144,1337,0.86,509,229,2.22,153,249,0.61,290
724,2155,4769,0.45,1413,520,2.72,754,514,1.47,937
725,3079,4278,0.72,2328,635,3.67,913,588,1.55,1345
726,6236,6599,0.94,2468,902,2.74,1101,897,1.23,1023
727,2699,3839,0.70,1245,413,3.01,473,436,1.08,531
728,3351,4875,0.69,4911,408,12.04,1772,392,4.52,2302
729,1399,1157,1.21,1514,65,23.29,478,55,8.69,593
730,5294,7082,0.75,4391,328,13.39,1901,304,6.25,1652
731,780,1370,0.57,1141,102,11.19,408,105,3.89,467
732,3337,8485,0.39,1988,1002,1.98,1360,1013,1.34,942
733,2621,4313,0.61,2821,339,8.32,953,307,3.10,827
734,7704,10820,0.71,3507,936,3.75,1651,885,1.87,1726
735,5421,3860,1.40,3237,441,7.34,1149,395,2.91,1418
736,1658,2207,0.75,1115,197,5.66,402,173,2.32,574
737,823,918,0.90,622,113,5.50,213,129,1.65,249
738,3858,6641,0.58,3232,1065,3.03,1055,1163,0.91,1781
739,348,662,0.53,522,60,8.7,191,61,3.13,255
740,574,1031,0.56,1270,90,14.11,408,84,4.86,463
741,7171,10510,0.68,6327,1402,4.51,2458,1379,1.78,2977
742,2359,4521,0.52,1900,379,5.01,857,380,2.26,949
743,1483,1994,0.74,1585,121,13.10,525,138,3.80,768
744,3043,6970,0.44,3459,587,5.89,1725,523,3.30,1803
745,4297,5042,0.85,4863,322,15.10,1611,297,5.42,2131
746,960,2697,0.36,841,207,4.06,458,239,1.92,506
747,1046,2050,0.51,774,429,1.80,578,400,1.45,575
748,2683,6322,0.42,1534,1015,1.51,785,1128,0.70,692
749,2509,4185,0.60,890,651,1.37,518,675,0.77,437
750,543,618,0.88,679,58,11.71,226,73,3.10,216
751,2497,4655,0.54,1979,504,3.93,905,483,1.87,955
752,3417,4464,0.77,1597,915,1.75,548,977,0.56,960
753,5869,6180,0.95,2431,820,2.96,673,934,0.72,986
754,486,998,0.49,321,107,3,181,127,1.43,189
755,2476,3701,0.67,2107,291,7.24,689,280,2.46,995
756,3302,3147,1.05,2565,530,4.84,1171,529,2.21,999
757,4245,6074,0.70,2460,914,2.69,1086,931,1.17,1441
758,1590,3699,0.43,1831,469,3.90,866,454,1.91,1107
759,2418,2062,1.17,1279,185,6.91,640,205,3.12,582
760,1370,2927,0.47,1235,222,5.56,594,230,2.58,739
761,3056,3961,0.77,1365,463,2.95,934,495,1.89,493
762,1046,2208,0.47,883,250,3.53,486,278,1.75,447
763,3987,7198,0.55,1784,1292,1.38,888,1312,0.68,1107
764,1801,2013,0.89,949,247,3.84,420,231,1.82,429
765,4456,4686,0.95,3414,211,16.18,1223,186,6.58,1209
766,3224,4292,0.75,2771,435,6.37,883,467,1.89,1454
767,3105,5725,0.54,2791,808,3.45,962,834,1.15,1614
768,2306,4323,0.53,1734,386,4.49,802,340,2.36,851
769,2260,2102,1.08,1603,173,9.27,452,165,2.74,671
770,1599,1921,0.83,1182,293,4.03,398,315,1.26,523
771,3320,7344,0.45,3158,884,3.57,1391,809,1.72,2067
772,1972,1783,1.11,1621,226,7.17,486,268,1.81,658
773,3953,6131,0.64,3832,478,8.02,1700,426,3.99,1503
774,3143,5183,0.61,1972,453,4.35,1252,460,2.72,749
775,2060,4712,0.44,2046,177,11.56,1116,146,7.64,765
776,2946,4855,0.61,3099,473,6.55,1271,432,2.94,1279
777,3665,4016,0.91,3124,383,8.16,834,356,2.34,1595
778,970,1637,0.59,618,194,3.19,286,196,1.46,237
779,3249,4398,0.74,2937,394,7.45,973,443,2.20,1374
780,2276,5577,0.41,1975,441,4.48,964,425,2.27,1261
781,3184,3969,0.80,2660,266,10,856,301,2.84,1119
782,1262,2353,0.54,1520,249,6.10,807,232,3.48,767
783,2944,6965,0.42,1426,1230,1.16,889,1249,0.71,1140
784,1106,1777,0.62,799,162,4.93,412,169,2.44,331
785,1263,2463,0.51,1778,75,23.71,889,52,17.10,775
786,2867,3902,0.73,1985,351,5.66,887,331,2.68,692
787,2189,4713,0.46,1294,455,2.84,653,467,1.40,762
788,330,832,0.40,388,68,5.71,246,64,3.84,215
789,1346,2093,0.64,1049,244,4.30,564,232,2.43,498
790,2157,1393,1.55,1130,253,4.47,287,277,1.04,500
791,5978,4903,1.22,2253,558,4.04,757,564,1.34,966
792,5522,7986,0.69,3877,837,4.63,1308,839,1.56,1952
793,3338,4286,0.78,2687,396,6.79,1081,375,2.88,1035
794,6158,7139,0.86,4625,638,7.25,1708,650,2.63,2325
795,4438,5776,0.77,2362,935,2.53,970,1033,0.94,982
796,2275,3408,0.67,1681,455,3.69,1143,421,2.71,540
797,2253,3374,0.67,1940,313,6.20,750,307,2.44,883
799,1808,4385,0.41,2158,540,4.00,942,537,1.75,863
800,4575,7696,0.59,1835,994,1.85,782,1014,0.77,480
801,5534,7780,0.71,3684,793,4.65,1515,768,1.97,1733
802,1890,3824,0.49,1799,340,5.29,669,313,2.14,812
803,2566,4936,0.52,2835,593,4.78,1071,651,1.65,1304
804,4002,4085,0.98,2015,377,5.34,552,378,1.46,843
805,2247,4786,0.47,2615,357,7.32,1183,357,3.31,1232
806,324,634,0.51,425,20,21.25,180,19,9.47,218
807,1264,2826,0.45,753,299,2.52,496,313,1.58,389
808,1738,4807,0.36,1364,569,2.40,927,608,1.52,882
809,2208,2348,0.94,1139,250,4.56,442,278,1.59,524
810,6194,6497,0.95,3383,724,4.67,815,733,1.11,1688
811,8318,7623,1.09,3926,1038,3.78,1282,1234,1.04,1733
812,4753,6608,0.72,2860,504,5.67,935,492,1.90,1175
813,2118,2731,0.78,2433,260,9.36,699,281,2.49,965
814,804,1764,0.46,564,142,3.97,428,149,2.87,303
815,1478,1921,0.77,1359,219,6.21,446,277,1.61,560
816,3490,4905,0.71,1610,480,3.35,833,475,1.75,664
817,1956,3820,0.51,1401,377,3.72,658,405,1.62,654
818,19913,20385,0.98,11768,2606,4.52,3539,2633,1.34,5608
819,3371,6055,0.56,2163,842,2.57,914,821,1.11,940
820,2080,4783,0.43,1082,735,1.47,778,669,1.16,496
821,3080,4703,0.65,3935,306,12.86,1368,317,4.32,1682
822,3128,3339,0.94,1689,387,4.36,615,404,1.52,710
823,4412,5822,0.76,2125,889,2.39,909,934,0.97,658
824,1536,1611,0.95,1979,273,7.25,481,298,1.61,1102
825,1336,2865,0.47,1235,344,3.59,630,394,1.60,711
826,5243,5890,0.89,3714,389,9.55,1280,390,3.28,1384
827,2365,1651,1.43,1263,250,5.05,457,240,1.90,540
828,1501,3798,0.40,1665,177,9.41,910,146,6.23,908
829,1687,2410,0.7,1511,223,6.78,568,211,2.69,637
830,3760,4373,0.86,2969,479,6.20,961,454,2.12,1529
831,3149,4252,0.74,1967,714,2.75,820,784,1.05,967
832,4763,7424,0.64,2190,962,2.28,1108,1072,1.03,964
833,2603,3860,0.67,1798,648,2.77,689,670,1.03,780
834,2280,1888,1.21,1565,379,4.13,500,397,1.26,743
835,1219,1540,0.79,533,214,2.49,241,211,1.14,237
836,842,752,1.12,213,229,0.93,122,228,0.54,107
837,1817,2167,0.84,1990,198,10.05,569,212,2.68,1099
838,3157,3811,0.83,1524,571,2.67,624,668,0.93,718
839,961,2098,0.46,665,344,1.93,417,413,1.01,497
840,402,597,0.67,309,57,5.42,138,51,2.71,150
841,3065,6407,0.48,1205,779,1.55,654,840,0.78,659
842,1963,3260,0.60,2481,170,14.59,1082,173,6.25,1163
843,2285,1988,1.15,742,220,3.37,322,208,1.55,277
844,2198,1988,1.11,1946,175,11.12,569,165,3.45,679
845,2366,2653,0.89,2004,227,8.83,545,253,2.15,950
846,4279,7246,0.59,5698,445,12.80,1667,419,3.98,1971
847,4341,1916,2.27,2048,290,7.06,832,292,2.85,562
848,2416,4201,0.58,2598,171,15.19,924,201,4.60,1189
849,3273,4628,0.71,1817,266,6.83,1013,218,4.65,854
850,4474,6271,0.71,4573,358,12.77,1666,331,5.03,1925
851,2980,8428,0.35,2421,1011,2.39,1589,892,1.78,1194
852,7342,9857,0.74,4292,1505,2.85,1840,1421,1.29,2263
853,795,872,0.91,423,116,3.65,196,131,1.50,179
854,2758,4919,0.56,1611,743,2.17,700,804,0.87,942
855,1947,3580,0.54,3527,254,13.89,1208,206,5.86,1298
856,2207,2412,0.92,2063,195,10.58,730,178,4.10,793
857,1002,1544,0.65,1450,100,14.5,518,83,6.24,640
858,13270,10854,1.22,7221,1080,6.69,2266,992,2.28,3633
859,4485,6519,0.69,4320,610,7.08,1453,608,2.39,2029
860,4038,6152,0.66,2652,618,4.29,1235,529,2.33,1348
861,5185,4887,1.06,3471,576,6.03,1064,589,1.81,1423
862,3100,4745,0.65,2762,337,8.20,1090,310,3.52,1060
863,861,1184,0.73,770,119,6.47,356,127,2.80,356
864,2074,1786,1.16,1729,129,13.40,545,151,3.61,693
865,3159,3416,0.92,3366,338,9.96,1091,436,2.50,1419
866,632,935,0.68,677,82,8.26,254,80,3.18,209
867,462,623,0.74,550,59,9.32,179,56,3.20,257
868,4163,5168,0.81,2361,421,5.61,781,376,2.08,947
869,3545,3861,0.92,2064,522,3.95,681,528,1.29,1001
870,1815,2256,0.80,1126,313,3.60,428,323,1.33,484
871,3530,5274,0.67,1578,551,2.86,680,581,1.17,838
872,2931,4920,0.60,2327,653,3.56,774,688,1.13,1234
873,8257,10157,0.81,4596,629,7.31,1325,600,2.21,2151
874,1413,4050,0.35,1365,568,2.40,599,616,0.97,722
875,5781,9213,0.63,1923,719,2.67,1208,672,1.80,759
876,1362,1525,0.89,1094,124,8.82,415,133,3.12,462
877,3467,2813,1.23,1984,282,7.04,613,268,2.29,662
878,1959,2891,0.68,1623,269,6.03,573,257,2.23,762
879,3105,3555,0.87,2528,201,12.58,871,180,4.84,1053
880,2894,7224,0.40,2294,893,2.57,1215,874,1.39,1640
881,2497,2963,0.84,1628,400,4.07,591,400,1.48,811
882,2963,5050,0.59,1826,496,3.68,683,465,1.47,722
883,1661,5096,0.33,905,889,1.02,801,884,0.91,738
884,776,1370,0.57,361,130,2.78,164,138,1.19,192
885,2119,3694,0.57,1629,370,4.40,582,356,1.63,733
886,3546,6487,0.55,2012,868,2.32,906,956,0.95,1094
887,2602,3784,0.69,4175,167,25,1437,150,9.58,1822
888,2592,3068,0.84,2127,426,4.99,662,481,1.38,799
889,1337,3622,0.37,794,358,2.22,592,358,1.65,415
890,2276,3783,0.60,2727,193,14.13,1188,178,6.67,1020
891,3040,4233,0.72,2246,432,5.20,849,412,2.06,1136
892,1535,2546,0.60,523,452,1.16,378,447,0.85,223
893,3109,6633,0.47,2470,507,4.87,1054,474,2.22,1224
894,6871,8632,0.80,3074,641,4.80,1008,698,1.44,1337
895,1954,2430,0.80,1494,193,7.74,758,171,4.43,559
896,4255,4175,1.02,2468,560,4.41,895,532,1.68,1127
897,3979,4709,0.84,2592,640,4.05,845,570,1.48,1118
898,538,1158,0.46,1108,56,19.79,432,50,8.64,427
899,1924,3223,0.60,1201,519,2.31,543,491,1.11,701
900,2348,3269,0.72,2106,185,11.38,949,170,5.58,873
901,1387,2459,0.56,1073,210,5.11,545,204,2.67,454
902,3278,3535,0.93,2268,232,9.78,766,275,2.79,1178
903,1585,2784,0.57,1495,189,7.91,716,174,4.11,633
904,6171,7264,0.85,3677,735,5.00,1269,854,1.49,1772
905,2138,2707,0.79,3243,154,21.06,991,127,7.80,1269
906,2044,2852,0.72,2581,155,16.65,1073,112,9.58,1019
907,5628,7322,0.77,2683,695,3.86,977,669,1.46,1172
908,3245,3989,0.81,2130,555,3.84,924,633,1.46,962
909,6929,7708,0.90,6156,552,11.15,2788,533,5.23,2374
910,1107,1038,1.07,963,114,8.45,343,106,3.24,359
911,2015,2984,0.68,732,332,2.20,341,361,0.94,410
912,8601,6233,1.38,3973,900,4.41,1084,896,1.21,1637
913,4152,1992,2.08,2020,157,12.87,612,157,3.90,643
914,7390,4432,1.67,5077,274,18.53,1473,255,5.78,1800
915,2500,6124,0.41,1296,672,1.93,710,764,0.93,577
916,3159,5461,0.58,1897,680,2.79,709,741,0.96,877
917,7053,4940,1.43,2901,748,3.88,748,795,0.94,1295
918,1954,2260,0.86,2265,63,35.95,964,37,26.05,832
919,2833,3502,0.81,2305,239,9.64,747,230,3.25,1098
920,1465,3232,0.45,1487,258,5.76,641,268,2.39,825
921,1234,1523,0.81,1477,159,9.29,423,157,2.69,597
922,1655,816,2.03,1059,45,23.53,341,39,8.74,422
923,2958,3498,0.85,2276,417,5.46,766,426,1.80,839
924,4445,8197,0.54,2259,1077,2.10,1261,1029,1.23,943
925,2025,2782,0.73,1321,318,4.15,510,327,1.56,700
926,1216,1606,0.76,1273,106,12.01,449,120,3.74,472
927,3531,6872,0.51,1956,1047,1.87,908,1030,0.88,961
928,3857,4549,0.85,2718,430,6.32,1111,381,2.92,726
929,4796,6295,0.76,2914,417,6.99,1004,437,2.30,1215
930,3735,4863,0.77,2890,241,11.99,1113,221,5.04,1205
931,4712,7470,0.63,2439,815,2.99,1029,811,1.27,984
932,2028,3348,0.61,1677,380,4.41,679,359,1.89,796
933,2923,3007,0.97,1369,383,3.57,575,379,1.52,552
934,6861,11731,0.58,5058,744,6.80,1804,694,2.60,2491
935,1410,3087,0.46,1089,495,2.2,619,542,1.14,842
936,3801,4983,0.76,3509,270,13.00,1222,231,5.29,1539
937,1600,2048,0.78,1064,215,4.95,376,219,1.72,513
938,4049,4140,0.98,1984,548,3.62,717,571,1.26,774
939,2648,5239,0.51,2070,317,6.53,1124,270,4.16,1039
940,793,1313,0.60,876,72,12.17,364,73,4.99,389
941,2562,1368,1.87,1315,229,5.74,344,231,1.49,523
942,1674,2276,0.74,1523,145,10.50,563,145,3.88,664
943,494,970,0.51,592,98,6.04,242,100,2.42,275
944,4465,4910,0.91,3600,406,8.87,1193,407,2.93,1555
945,1295,2555,0.51,659,276,2.39,561,250,2.24,216
946,2880,4127,0.70,1899,427,4.45,718,447,1.61,772
947,3745,6316,0.59,2294,822,2.79,852,886,0.96,1253
948,5864,5283,1.11,3598,595,6.05,903,721,1.25,1575
949,3010,4424,0.68,2232,473,4.72,885,687,1.29,1270
950,4098,6167,0.66,3130,494,6.34,1147,570,2.01,1447
951,5411,6096,0.89,2256,962,2.35,703,961,0.73,1230
952,13104,9697,1.35,6014,642,9.37,1653,617,2.68,2539
953,2300,2585,0.89,1572,365,4.31,485,364,1.33,584
954,2890,5154,0.56,1796,1060,1.69,1275,958,1.33,1106
955,2933,4883,0.60,2444,408,5.99,1147,359,3.19,1261
956,3911,6010,0.65,2365,337,7.02,981,307,3.20,980
957,4177,6311,0.66,2012,538,3.74,822,543,1.51,1194
958,4163,5525,0.75,3558,588,6.05,1175,575,2.04,1613
959,2315,3358,0.69,1694,345,4.91,703,327,2.15,725
960,4557,9135,0.50,3622,1187,3.05,1572,1161,1.35,2080
961,1226,1663,0.74,1399,275,5.09,559,262,2.13,740
962,3360,4278,0.79,2291,547,4.19,987,503,1.96,1070
963,4433,2795,1.59,2375,580,4.09,667,613,1.09,963
964,3844,6636,0.58,2419,981,2.47,985,978,1.01,1140
965,4473,4902,0.91,3790,352,10.77,1272,338,3.76,1520
966,559,907,0.62,258,185,1.39,144,190,0.76,112
967,1970,2216,0.89,1752,234,7.49,614,253,2.43,783
968,4548,4125,1.10,1648,857,1.92,1157,865,1.34,411
969,6508,8513,0.76,4841,716,6.76,1629,693,2.35,2071
970,2659,3653,0.73,1998,293,6.82,901,273,3.30,912
971,553,640,0.86,487,96,5.07,132,94,1.40,235
972,1142,2492,0.46,979,210,4.66,511,197,2.59,461
973,1754,1770,0.99,994,300,3.31,400,295,1.36,478
974,1690,1254,1.35,1233,112,11.01,454,106,4.28,593
975,4341,5259,0.83,3160,854,3.70,1330,858,1.55,1586
976,1385,1158,1.20,554,199,2.78,322,190,1.69,163
977,3385,4567,0.74,2446,371,6.59,867,328,2.64,1037
978,705,1052,0.67,867,108,8.03,334,109,3.06,385
979,2584,2314,1.12,1997,162,12.33,812,155,5.24,803
980,4571,5286,0.86,3040,908,3.35,1255,856,1.47,1353
981,2724,4217,0.65,3055,262,11.66,1212,248,4.89,1265
982,2505,3598,0.70,1677,464,3.61,691,492,1.40,760
983,2658,2698,0.99,834,445,1.87,648,442,1.47,231
984,248,363,0.68,527,41,12.85,127,41,3.10,187
985,2359,3247,0.73,1279,156,8.20,506,173,2.92,587
986,2786,4217,0.66,1147,479,2.39,622,451,1.38,402
987,1283,1646,0.78,1321,73,18.10,534,61,8.75,562
988,1736,2725,0.64,1542,254,6.07,609,265,2.30,685
989,2265,3420,0.66,1933,310,6.24,733,313,2.34,987
990,1944,3997,0.49,1203,260,4.63,695,251,2.77,531
991,4489,4638,0.97,2787,472,5.90,964,473,2.04,1063
992,3102,4492,0.69,2499,355,7.04,954,336,2.84,1121
993,4494,8932,0.50,2755,897,3.07,1074,908,1.18,1396
994,3371,5247,0.64,1929,688,2.80,599,675,0.89,975
995,9300,11382,0.82,4252,1294,3.29,1187,1253,0.95,2253
996,6746,10333,0.65,3590,687,5.23,1294,744,1.74,1538
997,3467,4557,0.76,3421,356,9.61,1236,328,3.77,1566
998,3230,4203,0.77,1484,428,3.47,619,433,1.43,700
999,247,779,0.32,617,27,22.85,232,25,9.28,250
1000,2848,4623,0.62,4575,163,28.07,1783,153,11.65,1980
